word	weight
ai bermasalah	-4
ai bias	-3
ai error	-4
ai keliru	-1
ai lambat	-1
ai ngawur	-1
ai rusak	-1
ai salah konteks	-4
ai tidak akurat	-3
ai tidak kompeten	-3
ai tidak paham konteks	-3
aib	-1
alay	-2
amat alay	-2
amat ambigu	-1
amat analisis dangkal	-1
amat argumen lemah	-1
amat bahaya	-4
amat bencana	-1
amat berbahaya	-4
amat bete	-2
amat bias	-3
amat bias data	-3
amat bingung	-1
amat bug	-4
amat buggy	-4
amat buruk	-4
amat corrupt	-1
amat crash	-4
amat fatal	-5
amat freeze	-3
amat frustrasi	-1
amat gagal	-4
amat gagal total	-4
amat glitch	-1
amat hallucination	-1
amat halusinasi	-5
amat hancur	-1
amat hang	-3
amat ilfeel	-2
amat invalid	-3
amat jelek	-1
amat jengkel	-1
amat kacau	-1
amat kampungan	-1
amat kasar	-1
amat kecewa	-4
amat keliru	-1
amat keras	-1
amat ketergantungan	-1
amat kurang akurat	-3
amat kurang efektif	-3
amat kurang efisien	-3
amat kurang informatif	-3
amat kurang jelas	-3
amat kurang kredibel	-3
amat kurang lengkap	-3
amat kurang paham	-3
amat lag	-4
amat lambat	-1
amat lebay	-1
amat lebay banget	-1
amat lemah	-1
amat lemot	-4
amat logika lemah	-1
amat malfunction	-1
amat marah	-1
amat melelahkan	-1
amat melenceng	-1
amat membingungkan	-1
amat membosankan	-2
amat mengacaukan	-1
amat mengancam	-1
amat mengganggu	-1
amat menghancurkan	-1
amat menguras emosi	-1
amat menipu	-1
amat menjengkelkan	-1
amat menyakiti	-1
amat menyebalkan	-1
amat menyesal	-1
amat misleading	-4
amat monoton	-2
amat ngawur	-1
amat noise	-3
amat norak	-2
amat off topic	-1
amat overfit	-1
amat overreliance	-1
amat paling buruk	-4
amat parah	-4
amat payah	-1
amat penipuan	-5
amat provokatif	-1
amat racun	-5
amat racun banget	-5
amat rusak	-1
amat rusak total	-1
amat salah	-4
amat sampah	-5
amat sampah banget	-5
amat sangat buruk	-4
amat sarcastic	-1
amat sarkas	-1
amat sarkastis	-1
amat sindiran	-1
amat spam	-3
amat spammy	-3
amat terburuk	-5
amat tidak akademis	-3
amat tidak akurat	-3
amat tidak berguna	-3
amat tidak bermanfaat	-3
amat tidak cocok	-3
amat tidak dapat dipakai	-3
amat tidak efektif	-3
amat tidak efisien	-3
amat tidak ilmiah	-3
amat tidak jelas	-3
amat tidak kredibel	-3
amat tidak layak	-3
amat tidak logis	-3
amat tidak maksimal	-3
amat tidak masuk akal	-3
amat tidak memadai	-3
amat tidak membantu	-3
amat tidak menyenangkan	-3
amat tidak nyambung	-3
amat tidak optimal	-3
amat tidak paham	-3
amat tidak pas	-3
amat tidak relevan	-3
amat tidak sesuai harapan	-3
amat tidak valid	-3
amat timeout	-3
amat toxic	-4
amat useless	-1
amat worthless	-1
ambigu	-1
analisis dangkal	-1
analisis salah	-4
anjing	-5
anjing banget	-5
argumen lemah	-1
argumentasi salah	-4
bahaya	-4
bangsat	-1
barbar	-1
bego	-1
benar benar alay	-2
benar benar ambigu	-1
benar benar analisis dangkal	-1
benar benar argumen lemah	-1
benar benar bahaya	-4
benar benar bencana	-1
benar benar berbahaya	-4
benar benar bete	-2
benar benar bias	-3
benar benar bias data	-3
benar benar bingung	-1
benar benar bug	-4
benar benar buggy	-4
benar benar buruk	-4
benar benar corrupt	-1
benar benar crash	-4
benar benar fatal	-5
benar benar freeze	-3
benar benar frustrasi	-1
benar benar gagal	-4
benar benar gagal total	-4
benar benar glitch	-1
benar benar hallucination	-1
benar benar halusinasi	-5
benar benar hancur	-1
benar benar hang	-3
benar benar ilfeel	-2
benar benar invalid	-3
benar benar jelek	-1
benar benar jengkel	-1
benar benar kacau	-1
benar benar kampungan	-1
benar benar kasar	-1
benar benar kecewa	-4
benar benar keliru	-1
benar benar keras	-1
benar benar ketergantungan	-1
benar benar kurang akurat	-3
benar benar kurang efektif	-3
benar benar kurang efisien	-3
benar benar kurang informatif	-3
benar benar kurang jelas	-3
benar benar kurang kredibel	-3
benar benar kurang lengkap	-3
benar benar kurang paham	-3
benar benar lag	-4
benar benar lambat	-1
benar benar lebay	-1
benar benar lebay banget	-1
benar benar lemah	-1
benar benar lemot	-4
benar benar logika lemah	-1
benar benar malfunction	-1
benar benar marah	-1
benar benar melelahkan	-1
benar benar melenceng	-1
benar benar membingungkan	-1
benar benar membosankan	-2
benar benar mengacaukan	-1
benar benar mengancam	-1
benar benar mengganggu	-1
benar benar menghancurkan	-1
benar benar menguras emosi	-1
benar benar menipu	-1
benar benar menjengkelkan	-1
benar benar menyakiti	-1
benar benar menyebalkan	-1
benar benar menyesal	-1
benar benar misleading	-4
benar benar monoton	-2
benar benar ngawur	-1
benar benar noise	-3
benar benar norak	-2
benar benar off topic	-1
benar benar overfit	-1
benar benar overreliance	-1
benar benar paling buruk	-4
benar benar parah	-4
benar benar payah	-1
benar benar penipuan	-5
benar benar provokatif	-1
benar benar racun	-5
benar benar racun banget	-5
benar benar rusak	-1
benar benar rusak total	-1
benar benar salah	-4
benar benar sampah	-5
benar benar sampah banget	-5
benar benar sangat buruk	-4
benar benar sarcastic	-1
benar benar sarkas	-1
benar benar sarkastis	-1
benar benar sindiran	-1
benar benar spam	-3
benar benar spammy	-3
benar benar terburuk	-5
benar benar tidak akademis	-3
benar benar tidak akurat	-3
benar benar tidak berguna	-3
benar benar tidak bermanfaat	-3
benar benar tidak cocok	-3
benar benar tidak dapat dipakai	-3
benar benar tidak efektif	-3
benar benar tidak efisien	-3
benar benar tidak ilmiah	-3
benar benar tidak jelas	-3
benar benar tidak kredibel	-3
benar benar tidak layak	-3
benar benar tidak logis	-3
benar benar tidak maksimal	-3
benar benar tidak masuk akal	-3
benar benar tidak memadai	-3
benar benar tidak membantu	-3
benar benar tidak menyenangkan	-3
benar benar tidak nyambung	-3
benar benar tidak optimal	-3
benar benar tidak paham	-3
benar benar tidak pas	-3
benar benar tidak relevan	-3
benar benar tidak sesuai harapan	-3
benar benar tidak valid	-3
benar benar timeout	-3
benar benar toxic	-4
benar benar useless	-1
benar benar worthless	-1
bencana	-1
berbahaya	-4
bete	-2
bias	-3
bias data	-3
bingung	-1
brengsek	-1
bug	-4
buggy	-4
buruk	-4
cacat	-1
chatgpt bias	-3
chatgpt error	-4
chatgpt hallucination	-1
chatgpt halusinasi	-5
chatgpt menipu	-1
chatgpt misleading	-4
chatgpt ngawur	-1
chatgpt off topic	-1
chatgpt salah	-4
chatgpt tidak akurat	-3
chatgpt tidak berguna	-3
chatgpt tidak membantu	-3
chatgpt tidak relevan	-3
citation palsu	-1
contoh salah	-4
corrupt	-1
crash	-4
data salah	-4
data tidak akurat	-3
depresi	-1
dungu	-1
fake citation	-1
fatal	-5
freeze	-3
frustrasi	-1
gagal	-4
gagal total	-4
gelap	-1
gelap banget	-1
glitch	-1
goblok	-5
goblok banget	-5
hallucination	-1
halusinasi	-5
hambatan	-1
hancur	-1
hang	-3
hasil salah	-4
hasil tidak valid	-3
hina	-1
idiot	-5
ilfeel	-2
invalid	-3
jahat	-1
jelek	-1
jengkel	-1
kacau	-1
kampret	-1
kampungan	-1
kasar	-1
kecewa	-4
kegagalan	-4
kehancuran	-1
kehilangan	-1
kekurangan	-3
keliru	-1
kemacetan	-1
kemerosotan	-1
kemunduran	-1
kendala	-1
keraguan	-1
keras	-1
kerentanan	-1
keributan	-1
kericuhan	-1
kerugian	-1
kerusakan	-1
kerusuhan	-1
kesalahan	-4
ketergantungan	-1
keterlambatan	-1
ketidakpastian	-3
konflik	-1
krisis	-1
kurang akurat	-3
kurang efektif	-3
kurang efisien	-3
kurang informatif	-3
kurang jelas	-3
kurang kredibel	-3
kurang lengkap	-3
kurang paham	-3
lag	-4
lambat	-1
lebay	-1
lebay banget	-1
lemah	-1
lemot	-4
logika lemah	-1
malfunction	-1
marah	-1
masalah	-4
materi salah	-4
materi tidak jelas	-3
melelahkan	-1
melenceng	-1
memalukan	-1
membingungkan	-1
membosankan	-2
mengacaukan	-1
mengancam	-1
mengganggu	-1
menghancurkan	-1
menguras emosi	-1
menipu	-1
menjengkelkan	-1
menyakiti	-1
menyebalkan	-1
menyesal	-1
metode salah	-4
misleading	-4
monoton	-2
najis	-1
najiss	-1
ngawur	-1
noise	-3
norak	-2
off topic	-1
overfit	-1
overreliance	-1
paling alay	-2
paling ambigu	-1
paling analisis dangkal	-1
paling argumen lemah	-1
paling bahaya	-4
paling bencana	-1
paling berbahaya	-4
paling bete	-2
paling bias	-3
paling bias data	-3
paling bingung	-1
paling bug	-4
paling buggy	-4
paling buruk	-4
paling corrupt	-1
paling crash	-4
paling fatal	-5
paling freeze	-3
paling frustrasi	-1
paling gagal	-4
paling gagal total	-4
paling glitch	-1
paling hallucination	-1
paling halusinasi	-5
paling hancur	-1
paling hang	-3
paling ilfeel	-2
paling invalid	-3
paling jelek	-1
paling jengkel	-1
paling kacau	-1
paling kampungan	-1
paling kasar	-1
paling kecewa	-4
paling keliru	-1
paling keras	-1
paling ketergantungan	-1
paling kurang akurat	-3
paling kurang efektif	-3
paling kurang efisien	-3
paling kurang informatif	-3
paling kurang jelas	-3
paling kurang kredibel	-3
paling kurang lengkap	-3
paling kurang paham	-3
paling lag	-4
paling lambat	-1
paling lebay	-1
paling lebay banget	-1
paling lemah	-1
paling lemot	-4
paling logika lemah	-1
paling malfunction	-1
paling marah	-1
paling melelahkan	-1
paling melenceng	-1
paling membingungkan	-1
paling membosankan	-2
paling mengacaukan	-1
paling mengancam	-1
paling mengganggu	-1
paling menghancurkan	-1
paling menguras emosi	-1
paling menipu	-1
paling menjengkelkan	-1
paling menyakiti	-1
paling menyebalkan	-1
paling menyesal	-1
paling misleading	-4
paling monoton	-2
paling ngawur	-1
paling noise	-3
paling norak	-2
paling off topic	-1
paling overfit	-1
paling overreliance	-1
paling paling buruk	-4
paling parah	-4
paling payah	-1
paling penipuan	-5
paling provokatif	-1
paling racun	-5
paling racun banget	-5
paling rusak	-1
paling rusak total	-1
paling salah	-4
paling sampah	-5
paling sampah banget	-5
paling sangat buruk	-4
paling sarcastic	-1
paling sarkas	-1
paling sarkastis	-1
paling sindiran	-1
paling spam	-3
paling spammy	-3
paling terburuk	-5
paling tidak akademis	-3
paling tidak akurat	-3
paling tidak berguna	-3
paling tidak bermanfaat	-3
paling tidak cocok	-3
paling tidak dapat dipakai	-3
paling tidak efektif	-3
paling tidak efisien	-3
paling tidak ilmiah	-3
paling tidak jelas	-3
paling tidak kredibel	-3
paling tidak layak	-3
paling tidak logis	-3
paling tidak maksimal	-3
paling tidak masuk akal	-3
paling tidak memadai	-3
paling tidak membantu	-3
paling tidak menyenangkan	-3
paling tidak nyambung	-3
paling tidak optimal	-3
paling tidak paham	-3
paling tidak pas	-3
paling tidak relevan	-3
paling tidak sesuai harapan	-3
paling tidak valid	-3
paling timeout	-3
paling toxic	-4
paling useless	-1
paling worthless	-1
panik	-1
parah	-4
parah alay	-4
parah ambigu	-4
parah analisis dangkal	-4
parah argumen lemah	-4
parah bahaya	-4
parah bencana	-4
parah berbahaya	-4
parah bete	-4
parah bias	-4
parah bias data	-4
parah bingung	-4
parah bug	-4
parah buggy	-4
parah buruk	-4
parah corrupt	-4
parah crash	-4
parah fatal	-5
parah freeze	-4
parah frustrasi	-4
parah gagal	-4
parah gagal total	-4
parah glitch	-4
parah hallucination	-4
parah halusinasi	-5
parah hancur	-4
parah hang	-4
parah ilfeel	-4
parah invalid	-4
parah jelek	-4
parah jengkel	-4
parah kacau	-4
parah kampungan	-4
parah kasar	-4
parah kecewa	-4
parah keliru	-4
parah keras	-4
parah ketergantungan	-4
parah kurang akurat	-4
parah kurang efektif	-4
parah kurang efisien	-4
parah kurang informatif	-4
parah kurang jelas	-4
parah kurang kredibel	-4
parah kurang lengkap	-4
parah kurang paham	-4
parah lag	-4
parah lambat	-4
parah lebay	-4
parah lebay banget	-4
parah lemah	-4
parah lemot	-4
parah logika lemah	-4
parah malfunction	-4
parah marah	-4
parah melelahkan	-4
parah melenceng	-4
parah membingungkan	-4
parah membosankan	-4
parah mengacaukan	-4
parah mengancam	-4
parah mengganggu	-4
parah menghancurkan	-4
parah menguras emosi	-4
parah menipu	-4
parah menjengkelkan	-4
parah menyakiti	-4
parah menyebalkan	-4
parah menyesal	-4
parah misleading	-4
parah monoton	-4
parah ngawur	-4
parah noise	-4
parah norak	-4
parah off topic	-4
parah overfit	-4
parah overreliance	-4
parah paling buruk	-4
parah parah	-4
parah payah	-4
parah penipuan	-5
parah provokatif	-4
parah racun	-5
parah racun banget	-5
parah rusak	-4
parah rusak total	-4
parah salah	-4
parah sampah	-5
parah sampah banget	-5
parah sangat buruk	-4
parah sarcastic	-4
parah sarkas	-4
parah sarkastis	-4
parah sindiran	-4
parah spam	-4
parah spammy	-4
parah terburuk	-5
parah tidak akademis	-4
parah tidak akurat	-4
parah tidak berguna	-4
parah tidak bermanfaat	-4
parah tidak cocok	-4
parah tidak dapat dipakai	-4
parah tidak efektif	-4
parah tidak efisien	-4
parah tidak ilmiah	-4
parah tidak jelas	-4
parah tidak kredibel	-4
parah tidak layak	-4
parah tidak logis	-4
parah tidak maksimal	-4
parah tidak masuk akal	-4
parah tidak memadai	-4
parah tidak membantu	-4
parah tidak menyenangkan	-4
parah tidak nyambung	-4
parah tidak optimal	-4
parah tidak paham	-4
parah tidak pas	-4
parah tidak relevan	-4
parah tidak sesuai harapan	-4
parah tidak valid	-4
parah timeout	-4
parah toxic	-4
parah useless	-4
parah worthless	-4
payah	-1
pecundang	-1
pecundang banget	-1
penelitian buruk	-4
penipuan	-5
penjelasan membingungkan	-1
penjelasan salah	-4
penjelasan tidak benar	-3
penjelasan tidak jelas	-3
perpecahan	-1
provokatif	-1
racun	-5
racun banget	-5
referensi palsu	-1
rusak	-1
rusak total	-1
salah	-4
sampah	-5
sampah banget	-5
sangat alay	-2
sangat ambigu	-1
sangat analisis dangkal	-1
sangat argumen lemah	-1
sangat bahaya	-4
sangat bencana	-1
sangat berbahaya	-4
sangat bete	-2
sangat bias	-3
sangat bias data	-3
sangat bingung	-1
sangat bug	-4
sangat buggy	-4
sangat buruk	-4
sangat corrupt	-1
sangat crash	-4
sangat fatal	-5
sangat freeze	-3
sangat frustrasi	-1
sangat gagal	-4
sangat gagal total	-4
sangat glitch	-1
sangat hallucination	-1
sangat halusinasi	-5
sangat hancur	-1
sangat hang	-3
sangat ilfeel	-2
sangat invalid	-3
sangat jelek	-1
sangat jengkel	-1
sangat kacau	-1
sangat kampungan	-1
sangat kasar	-1
sangat kecewa	-4
sangat keliru	-1
sangat keras	-1
sangat ketergantungan	-1
sangat kurang akurat	-3
sangat kurang efektif	-3
sangat kurang efisien	-3
sangat kurang informatif	-3
sangat kurang jelas	-3
sangat kurang kredibel	-3
sangat kurang lengkap	-3
sangat kurang paham	-3
sangat lag	-4
sangat lambat	-1
sangat lebay	-1
sangat lebay banget	-1
sangat lemah	-1
sangat lemot	-4
sangat logika lemah	-1
sangat malfunction	-1
sangat marah	-1
sangat melelahkan	-1
sangat melenceng	-1
sangat membingungkan	-1
sangat membosankan	-2
sangat mengacaukan	-1
sangat mengancam	-1
sangat mengganggu	-1
sangat menghancurkan	-1
sangat menguras emosi	-1
sangat menipu	-1
sangat menjengkelkan	-1
sangat menyakiti	-1
sangat menyebalkan	-1
sangat menyesal	-1
sangat misleading	-4
sangat monoton	-2
sangat ngawur	-1
sangat noise	-3
sangat norak	-2
sangat off topic	-1
sangat overfit	-1
sangat overreliance	-1
sangat paling buruk	-4
sangat parah	-4
sangat payah	-1
sangat penipuan	-5
sangat provokatif	-1
sangat racun	-5
sangat racun banget	-5
sangat rusak	-1
sangat rusak total	-1
sangat salah	-4
sangat sampah	-5
sangat sampah banget	-5
sangat sangat buruk	-4
sangat sarcastic	-1
sangat sarkas	-1
sangat sarkastis	-1
sangat sindiran	-1
sangat spam	-3
sangat spammy	-3
sangat terburuk	-5
sangat tidak akademis	-3
sangat tidak akurat	-3
sangat tidak berguna	-3
sangat tidak bermanfaat	-3
sangat tidak cocok	-3
sangat tidak dapat dipakai	-3
sangat tidak efektif	-3
sangat tidak efisien	-3
sangat tidak ilmiah	-3
sangat tidak jelas	-3
sangat tidak kredibel	-3
sangat tidak layak	-3
sangat tidak logis	-3
sangat tidak maksimal	-3
sangat tidak masuk akal	-3
sangat tidak memadai	-3
sangat tidak membantu	-3
sangat tidak menyenangkan	-3
sangat tidak nyambung	-3
sangat tidak optimal	-3
sangat tidak paham	-3
sangat tidak pas	-3
sangat tidak relevan	-3
sangat tidak sesuai harapan	-3
sangat tidak valid	-3
sangat timeout	-3
sangat toxic	-4
sangat useless	-1
sangat worthless	-1
sarcastic	-1
sarkas	-1
sarkastis	-1
sindiran	-1
spam	-3
spammy	-3
stres	-1
sumber tidak valid	-3
super alay	-2
super ambigu	-1
super analisis dangkal	-1
super argumen lemah	-1
super bahaya	-4
super bencana	-1
super berbahaya	-4
super bete	-2
super bias	-3
super bias data	-3
super bingung	-1
super bug	-4
super buggy	-4
super buruk	-4
super corrupt	-1
super crash	-4
super fatal	-5
super freeze	-3
super frustrasi	-1
super gagal	-4
super gagal total	-4
super glitch	-1
super hallucination	-1
super halusinasi	-5
super hancur	-1
super hang	-3
super ilfeel	-2
super invalid	-3
super jelek	-1
super jengkel	-1
super kacau	-1
super kampungan	-1
super kasar	-1
super kecewa	-4
super keliru	-1
super keras	-1
super ketergantungan	-1
super kurang akurat	-3
super kurang efektif	-3
super kurang efisien	-3
super kurang informatif	-3
super kurang jelas	-3
super kurang kredibel	-3
super kurang lengkap	-3
super kurang paham	-3
super lag	-4
super lambat	-1
super lebay	-1
super lebay banget	-1
super lemah	-1
super lemot	-4
super logika lemah	-1
super malfunction	-1
super marah	-1
super melelahkan	-1
super melenceng	-1
super membingungkan	-1
super membosankan	-2
super mengacaukan	-1
super mengancam	-1
super mengganggu	-1
super menghancurkan	-1
super menguras emosi	-1
super menipu	-1
super menjengkelkan	-1
super menyakiti	-1
super menyebalkan	-1
super menyesal	-1
super misleading	-4
super monoton	-2
super ngawur	-1
super noise	-3
super norak	-2
super off topic	-1
super overfit	-1
super overreliance	-1
super paling buruk	-4
super parah	-4
super payah	-1
super penipuan	-5
super provokatif	-1
super racun	-5
super racun banget	-5
super rusak	-1
super rusak total	-1
super salah	-4
super sampah	-5
super sampah banget	-5
super sangat buruk	-4
super sarcastic	-1
super sarkas	-1
super sarkastis	-1
super sindiran	-1
super spam	-3
super spammy	-3
super terburuk	-5
super tidak akademis	-3
super tidak akurat	-3
super tidak berguna	-3
super tidak bermanfaat	-3
super tidak cocok	-3
super tidak dapat dipakai	-3
super tidak efektif	-3
super tidak efisien	-3
super tidak ilmiah	-3
super tidak jelas	-3
super tidak kredibel	-3
super tidak layak	-3
super tidak logis	-3
super tidak maksimal	-3
super tidak masuk akal	-3
super tidak memadai	-3
super tidak membantu	-3
super tidak menyenangkan	-3
super tidak nyambung	-3
super tidak optimal	-3
super tidak paham	-3
super tidak pas	-3
super tidak relevan	-3
super tidak sesuai harapan	-3
super tidak valid	-3
super timeout	-3
super toxic	-4
super useless	-1
super worthless	-1
tai	-1
tai banget	-1
tekanan	-1
terburuk	-5
terlalu alay	-2
terlalu ambigu	-1
terlalu analisis dangkal	-1
terlalu argumen lemah	-1
terlalu bahaya	-4
terlalu bencana	-1
terlalu berbahaya	-4
terlalu bete	-2
terlalu bias	-3
terlalu bias data	-3
terlalu bingung	-1
terlalu bug	-4
terlalu buggy	-4
terlalu buruk	-4
terlalu corrupt	-1
terlalu crash	-4
terlalu fatal	-5
terlalu freeze	-3
terlalu frustrasi	-1
terlalu gagal	-4
terlalu gagal total	-4
terlalu glitch	-1
terlalu hallucination	-1
terlalu halusinasi	-5
terlalu hancur	-1
terlalu hang	-3
terlalu ilfeel	-2
terlalu invalid	-3
terlalu jelek	-1
terlalu jengkel	-1
terlalu kacau	-1
terlalu kampungan	-1
terlalu kasar	-1
terlalu kecewa	-4
terlalu keliru	-1
terlalu keras	-1
terlalu ketergantungan	-1
terlalu kurang akurat	-3
terlalu kurang efektif	-3
terlalu kurang efisien	-3
terlalu kurang informatif	-3
terlalu kurang jelas	-3
terlalu kurang kredibel	-3
terlalu kurang lengkap	-3
terlalu kurang paham	-3
terlalu lag	-4
terlalu lambat	-1
terlalu lebay	-1
terlalu lebay banget	-1
terlalu lemah	-1
terlalu lemot	-4
terlalu logika lemah	-1
terlalu malfunction	-1
terlalu marah	-1
terlalu melelahkan	-1
terlalu melenceng	-1
terlalu membingungkan	-1
terlalu membosankan	-2
terlalu mengacaukan	-1
terlalu mengancam	-1
terlalu mengganggu	-1
terlalu menghancurkan	-1
terlalu menguras emosi	-1
terlalu menipu	-1
terlalu menjengkelkan	-1
terlalu menyakiti	-1
terlalu menyebalkan	-1
terlalu menyesal	-1
terlalu misleading	-4
terlalu monoton	-2
terlalu ngawur	-1
terlalu noise	-3
terlalu norak	-2
terlalu off topic	-1
terlalu overfit	-1
terlalu overreliance	-1
terlalu paling buruk	-4
terlalu parah	-4
terlalu payah	-1
terlalu penipuan	-5
terlalu provokatif	-1
terlalu racun	-5
terlalu racun banget	-5
terlalu rusak	-1
terlalu rusak total	-1
terlalu salah	-4
terlalu sampah	-5
terlalu sampah banget	-5
terlalu sangat buruk	-4
terlalu sarcastic	-1
terlalu sarkas	-1
terlalu sarkastis	-1
terlalu sindiran	-1
terlalu spam	-3
terlalu spammy	-3
terlalu terburuk	-5
terlalu tidak akademis	-3
terlalu tidak akurat	-3
terlalu tidak berguna	-3
terlalu tidak bermanfaat	-3
terlalu tidak cocok	-3
terlalu tidak dapat dipakai	-3
terlalu tidak efektif	-3
terlalu tidak efisien	-3
terlalu tidak ilmiah	-3
terlalu tidak jelas	-3
terlalu tidak kredibel	-3
terlalu tidak layak	-3
terlalu tidak logis	-3
terlalu tidak maksimal	-3
terlalu tidak masuk akal	-3
terlalu tidak memadai	-3
terlalu tidak membantu	-3
terlalu tidak menyenangkan	-3
terlalu tidak nyambung	-3
terlalu tidak optimal	-3
terlalu tidak paham	-3
terlalu tidak pas	-3
terlalu tidak relevan	-3
terlalu tidak sesuai harapan	-3
terlalu tidak valid	-3
terlalu timeout	-3
terlalu toxic	-4
terlalu useless	-1
terlalu worthless	-1
tidak akademis	-3
tidak akurat	-3
tidak berguna	-3
tidak bermanfaat	-3
tidak cocok	-3
tidak dapat dipakai	-3
tidak efektif	-3
tidak efisien	-3
tidak ilmiah	-3
tidak jelas	-3
tidak kredibel	-3
tidak layak	-3
tidak logis	-3
tidak maksimal	-3
tidak masuk akal	-3
tidak memadai	-3
tidak membantu	-3
tidak menyenangkan	-3
tidak nyambung	-3
tidak optimal	-3
tidak paham	-3
tidak pas	-3
tidak relevan	-3
tidak sesuai harapan	-3
tidak sesuai materi	-3
tidak sesuai silabus	-3
tidak valid	-3
timeout	-3
tolol	-5
toxic	-4
udik	-1
useless	-1
worthless	-1
bodoh	-5
nyontek	-5
kurang	-5
error	-5
nyontek chatgpt	-5
chatgpt anjing	-5
ngaco	-5
tipu	-5
ngeri	-5
benci	-5
nilai jelek	-5
dampak buruk	-5
chatgpt nyontek	-5
tak	-5
chatgpt bodoh	-5
marah marah	-5
buruk chatgpt	-5
uji nyontek	-5
anjing malas	-4
bodoh malas	-4
chatgpt bahaya	-4
kesal	-4
anjing chatgpt	-4
chatgpt kurang	-4
malas bodoh	-4
anjing dosen	-4
chatgpt ngaco	-4
chatgpt tolol	-4
anjing tugas	-4
chatgpt marah	-4
chatgpt parah	-5
jelek chatgpt	-4
kurang mampu	-4
ngawur chatgpt	-4
nyontek uji	-4
parah chatgpt	-5
salah chatgpt	-4
tolol chatgpt	-4
ai tolol	-3
anjing kuliah	-3
bahaya chatgpt	-3
bahaya gantung	-3
chatgpt jelek	-3
jelek jelek	-3
kurang responden	-3
lengkap sender	-3
mahasiswa tolol	-3
malas anjing	-3
marah chatgpt	-3
nyontek google	-3
nyontek nyontek	-3
parafrase anjing	-3
responden cowok	-3
sender kurang	-3
tugas nyontek	-3
tulis jelek	-3
uas nyontek	-3
ai anjing	-3
ai buruk	-3
ai sebenernya	-3
ajar kurang	-3
anjing ai	-3
bodoh ajar	-3
bodoh chatgpt	-3
gass krirteria	-3
kontoll	-3
krirteria	-3
krirteria lengkap	-3
kroscek	-3
kurang gantung	-3
kurang nilai	-3
lagi mahasiswa	-3
lebih kurang	-3
marah ai	-3
mikir anjing	-3
responden lagi	-3
tolol anjing	-3
tolol malas	-3
ai gagal	-3
ai ngaco	-3
ajar salah	-3
anjing ajar	-3
anjing cari	-3
anjing minimal	-3
bantah	-3
bilang bodoh	-3
bodoh ai	-3
bodoh bodoh	-3
bodoh pintar	-3
buang sampah	-3
buruk ai	-3
chatgpt bangsat	-3
chatgpt tipu	-3
dosen beneran	-3
error copy	-3
fed	-3
gagal chatgpt	-3
goblok anjing	-3
jawab ngawur	-3
kuliah anjing	-3
liat tolol	-3
malas tolol	-3
marah tugas	-3
ngeri ai	-3
njing	-3
salah ajar	-3
salah dosen	-3
stuck error	-3
susah diskusi	-3
tidak	-3
tipu tipu	-3
tolol ajar	-3
tolol cari	-3
trial error	-3
ateis	-4
ajar mati	-3
banjir	-3
abuse	-3
banget	-5
chatgpt marak	-3
gugel malas	-3
iye	-3
maaf ajar	-3
mit chatgpt	-3
ngebahas	-3
pantek	-3
percaya google	-3
putus kuliah	-3
disalahgunakan	-4
kasi nilai	-4
kerkom	-4
teliti mit	-4
uji kuliah	-4
nilai tuton	-3
kalimat sederhana	-3
psi	-3
adik tugas	-3
ai cipta	-3
ai jenis	-3
ai larang	-3
ai oke	-3
ajar bitcoin	-3
aman data	-3
artikel website	-3
arus	-3
asik chatgpt	-3
baca google	-3
bagi tugas	-3
berani ai	-3
camni	-3
cari situ	-3
chatgpt bangsa	-3
chatgpt bohong	-3
chatgpt chip	-3
chatgpt english	-3
chatgpt jual	-3
chatgpt jurnalisme	-3
chatgpt kekal	-3
chatgpt kutip	-3
chatgpt maklumat	-3
chatgpt then	-3
chatgpt which	-3
come	-3
cum laude	-3
dicopy	-3
direspon	-3
diskusi susah	-3
dokter bisnis	-3
ember	-3
emosi chatgpt	-3
fenomenal	-3
gamungkin	-3
gaperna	-3
goblokk	-3
graphic	-3
gunawan	-3
halusinasi beda	-3
halusinasi rumit	-3
hanzi	-3
haters	-3
hilang mampu	-3
internet ajar	-3
itu chatgpt	-3
jamin ngasal	-3
jasa joki	-3
jawab nilai	-3
jurnalisme	-3
kejar deadline	-3
kelompok alat	-3
kemas	-3
kenal dosen	-3
kesel chatgpt	-3
kind	-3
koding chatgpt	-3
konektivitas	-3
kotak	-3
kualitas didik	-3
kuliah besut	-3
laude	-3
lawan bicara	-3
lifestyle	-3
literasi baca	-3
maba chatgpt	-3
mahasiswa mikir	-3
mahasiswa rajin	-3
mampu siswa	-3
marahin chatgpt	-3
materi otak	-3
mati ajar	-3
mikir instan	-3
monoton	-3
ngisi form	-3
pad	-3
partisipasi	-3
poem	-3
prestasi tinggi	-3
rajin malas	-3
rant	-3
samain	-3
sarana ajar	-3
sekolah baca	-3
series chatgpt	-3
sin	-3
sin cos	-3
singapura	-3
sistem nilai	-3
skripsi free	-3
smua chatgpt	-3
sosok sam	-3
stand	-3
they said	-3
tka	-3
tugas ppt	-3
uasnya chatgpt	-3
zoom gmeet	-3
debugging	-4
selesai uji	-4
akibat	-3
cari data	-3
chatgpt dospem	-3
gratis malas	-3
saji informasi	-3
scrolling	-3
sembunyi	-3
bangang	-4
dahulu	-4
fasilitas	-4
koar	-5
fucking	-4
disalahin	-4
grafik	-4
plek chatgpt	-4
space	-4
anjlok	-4
bijak ai	-4
gilir chatgpt	-4
kreator	-4
minimal parafrase	-4
ngedown	-4
nipu	-4
overflow	-4
pikir pikir	-4
stack	-4
stack overflow	-4
stupid	-4
transaksi	-4
two	-4
yall	-4
kasih jurnal	-3
mek	-3
pape	-3
sertifikat	-3
validasi asa	-3
acara	-3
altman putus	-3
artikel percaya	-3
bahas dampak	-3
bahasa pemrograman	-3
bajing	-3
bebal	-3
beneran kuliah	-3
besut	-3
bijak guna	-3
bonding	-3
busuk	-3
cek ai	-3
chatgpt contek	-3
chatgpt diam	-3
chatgpt instead	-3
chatgpt mampus	-3
chatgpt potensi	-3
chatgpt sisi	-3
cos	-3
cum	-3
darurat	-3
data ajar	-3
deadline chatgpt	-3
dibiasain	-3
educate	-3
effort baca	-3
ever	-3
figur	-3
free bimbing	-3
friends	-3
gemini etc	-3
gmeet	-3
hahahahahaha	-3
hobi chatgpt	-3
interactive	-3
ironis	-3
judul teliti	-3
kata chatgpt	-3
keliling	-3
koruptor	-3
kuliah ujung	-3
lat	-3
lulus nilai	-3
mahasiswa beneran	-3
maju ai	-3
malas bilang	-3
malas kelompok	-3
malas urus	-3
modal ai	-3
nanyaa	-3
nilai kalah	-3
ningkatin skill	-3
nurut	-3
nyiapin	-3
onlen	-3
pandai ai	-3
papernya	-3
research malas	-3
ricek	-3
sarana	-3
selang	-3
semester kuliah	-3
sensi	-3
seret	-3
similarity	-3
siswa pikir	-3
susun kalimat	-3
swear	-3
taikk	-3
tambah ilmu	-3
tetiba	-3
tumpu	-3
uji full	-3
ulang materi	-3
underestimate	-3
usaha ajar	-3
zonk	-3
kontol	-5
candu	-5
barter gass	-5
chatgpt uas	-5
ambik	-5
gantung teknologi	-4
halah	-4
libat	-4
marahin	-4
tahi	-5
seller	-4
tegur	-4
chatgpt konsultasi	-4
esensi	-4
kuliah pakai	-4
lihat	-4
tobat	-4
babi	-5
asu	-5
influencer	-5
oot	-4
vibe	-4
kafir	-4
ish	-4
tesla	-4
baca dokumentasi	-4
daya pikir	-4
kti	-4
launching	-4
perfeksionis	-4
peribadi	-4
position	-4
subsidi	-4
tulis dash	-4
adoi	-3
ajar percaya	-3
ajar personal	-3
aktiviti	-3
aneh aneh	-3
artikel tugas	-3
bangkai	-3
best friend	-3
bgini	-3
but not	-3
cari keyword	-3
cari malas	-3
chatgpt ngarang	-3
chatgpt ngedown	-3
chatgpt solve	-3
cognitive	-3
data pribadi	-3
disamain	-3
entot	-3
gaya santai	-3
human touch	-3
idea chatgpt	-3
ilmu chatgpt	-3
jagung	-3
jijik	-3
kabeh	-3
kebut malam	-3
kliatan	-3
koar koar	-3
kuliah kapai	-3
label	-3
laden	-3
malas ketik	-3
mau ajar	-3
mentok chatgpt	-3
nangisin	-3
ngerugiin	-3
ngikut	-3
niat kuliah	-3
nyepelein	-3
pandai chatgpt	-3
pintar dikit	-3
pinternya	-3
platform chatgpt	-3
praktikan	-3
privacy aman	-3
pulih	-3
rumah chatgpt	-3
sedikit	-3
simple chatgpt	-3
sinonim	-3
skolah	-3
skripsi pakai	-3
tega	-3
tesis ai	-3
theartofprompting	-3
translate indonesia	-3
tugas erti	-3
tulus	-3
uitm	-3
yet	-3
bohong	-5
woi	-5
paham ajar	-5
smart	-5
uasnya	-4
ai gambar	-4
ai uji	-4
attention	-4
baca paper	-4
bot chatgpt	-4
burnout	-4
emosi negatif	-4
hakim	-4
kompetensi	-4
lompat	-4
ngebuat	-4
stackoverflow chatgpt	-4
tugas nilai	-4
tugas paper	-4
tuhan chatgpt	-4
meanwhile	-5
hati hati	-5
barcode balas	-5
cerpen	-5
cewe	-5
chatgpt valid	-5
trial	-5
lagi	-5
gass	-5
adil	-5
which	-5
kata	-5
diam	-5
awas	-5
katai	-5
monyet	-5
barcode	-5
ganti ai	-5
halus	-5
scan barcode	-5
library	-4
putih	-4
mamih	-4
chatgpt goblok	-4
dewa	-4
dongo	-4
hadeh	-4
jurnal asli	-4
kuliah dokter	-4
ngambil chatgpt	-4
ningkatin	-4
speechless	-4
tunda	-4
gula	-4
wang	-4
ekspektasi	-4
fomo	-4
hutang	-4
manager	-4
msih	-4
pic	-4
runut	-4
ai jujur	-4
ai nilai	-4
almost	-4
already	-4
anggap chatgpt	-4
artikel buku	-4
baca paham	-4
blabla	-4
bocor	-4
buang duit	-4
cai	-4
chatgpt alhasil	-4
chatgpt geminiai	-4
chatgpt mentok	-4
chatgpt sulit	-4
close	-4
code ajar	-4
common	-4
diskusi dosen	-4
ditelen	-4
garbage	-4
geram	-4
gudang	-4
kelas uji	-4
korek	-4
langit	-4
link baca	-4
lukis	-4
malas tugas	-4
minimal jurnal	-4
minor	-4
mna	-4
nekat	-4
ngandalin	-4
nyebut	-4
otak atik	-4
pilgan	-4
project chatgpt	-4
pura pura	-4
rajin baca	-4
rame chatgpt	-4
safe	-4
said chatgpt	-4
script chatgpt	-4
scriptnya	-4
singgung	-4
soalny	-4
terjun	-4
tkut	-4
tulis kalimat	-4
untung jaman	-4
whatever	-4
chill	-3
couple	-3
teriak	-3
becus	-3
bibit	-3
chatgpt memory	-3
cyber security	-3
degan	-3
didik siswa	-3
diomelin	-3
dunning	-3
emot	-3
ethical	-3
gencar	-3
halusinasi simple	-3
hujah	-3
jurnal online	-3
kawal	-3
lusa	-3
macet	-3
mampu ajar	-3
mikir mikir	-3
milu	-3
nanyak	-3
nebak	-3
ness	-3
ngada	-3
orientasi	-3
peperiksaan	-3
roadmap ajar	-3
selingkuh	-3
sema	-3
sim	-3
sodara	-3
tools tools	-3
wordpress	-3
abadi	-3
acceptance	-3
active	-3
adek mahasiswa	-3
advise	-3
agama hukum	-3
ai ajak	-3
ai asisten	-3
ai contoh	-3
ai curhat	-3
ai elicit	-3
ai keluar	-3
ai konteks	-3
ai lengkap	-3
ai lingkung	-3
ai logika	-3
ai platform	-3
ai rilis	-3
ai tambah	-3
ai topik	-3
ajar bayang	-3
ajar bohong	-3
ajar cakap	-3
ajar dikit	-3
ajar ebook	-3
ajar hasil	-3
ajar informasi	-3
ajar kocak	-3
ajar menit	-3
ajar otak	-3
ajar rasa	-3
ajar sepupu	-3
ajar sharing	-3
ajar ulang	-3
ajar universiti	-3
ajar website	-3
ajib	-3
akal fikiran	-3
akal sehat	-3
alakadarnya	-3
alibi	-3
altman chatgpt	-3
amazon	-3
ambil chatgpt	-3
ambisius	-3
analis chatgpt	-3
analisis interaksi	-3
analisis market	-3
angel	-3
angkat chatgpt	-3
anjengg	-3
answers	-3
antem chatgpt	-3
apa ai	-3
apa mahasiswa	-3
aplikasi web	-3
applause	-3
apply kerja	-3
arc	-3
artikel internet	-3
artikel tema	-3
arxidmedia	-3
ayo chatgpt	-3
baca nilai	-3
baca parafrase	-3
baca tau	-3
backup	-3
bahas cari	-3
bahas malas	-3
bangga bilang	-3
bangkee	-3
banned	-3
banter	-3
baran	-3
bayang ajar	-3
beda dapat	-3
begitu	-3
behh	-3
beluk	-3
benda google	-3
beneran jurnal	-3
beneran paham	-3
berekspektasi	-3
berfikir manusia	-3
better than	-3
betuul	-3
biar ai	-3
biasa cari	-3
bible	-3
bidang studi	-3
bilang bukti	-3
bilang pusing	-3
bina ayat	-3
blas	-3
blushing	-3
boleh chatgpt	-3
brainrot	-3
bual chatgpt	-3
buat tulis	-3
buk	-3
buka pintu	-3
buku latih	-3
buku skripsi	-3
but now	-3
cakap cakap	-3
cant even	-3
cap	-3
cari dampak	-3
cari source	-3
cari sumber	-3
cari youtube	-3
cek ricek	-3
celaka	-3
cemerlang	-3
centang	-3
centang biru	-3
cepat cari	-3
cepat efisien	-3
cepat kerja	-3
cerdik	-3
cerna informasi	-3
chat chat	-3
chatgp	-3
chatgpt assignment	-3
chatgpt bacain	-3
chatgpt balesannya	-3
chatgpt blio	-3
chatgpt dongg	-3
chatgpt download	-3
chatgpt faktor	-3
chatgpt hahahahahaha	-3
chatgpt klaim	-3
chatgpt komunitas	-3
chatgpt kontol	-3
chatgpt kreatif	-3
chatgpt kritis	-3
chatgpt lapang	-3
chatgpt lawak	-3
chatgpt lngsung	-3
chatgpt luas	-3
chatgpt masterclass	-3
chatgpt masyarakat	-3
chatgpt matematika	-3
chatgpt medium	-3
chatgpt miris	-3
chatgpt murid	-3
chatgpt nambahin	-3
chatgpt netizen	-3
chatgpt ngecek	-3
chatgpt other	-3
chatgpt pick	-3
chatgpt pokok	-3
chatgpt prestasi	-3
chatgpt pulak	-3
chatgpt rendah	-3
chatgpt ret	-3
chatgpt sastra	-3
chatgpt senior	-3
chatgpt sifat	-3
chatgpt sisa	-3
chatgpt somehow	-3
chatgpt sono	-3
chatgpt sourcenya	-3
chatgpt stop	-3
chatgpt stuck	-3
chatgpt super	-3
chatgpt technology	-3
chatgpt temenku	-3
chatgpt tibatiba	-3
chatgpt utas	-3
chatgpt voice	-3
chatgpt web	-3
chatting	-3
check recheck	-3
chomsky chatgpt	-3
claudeai	-3
coba suruh	-3
coba tagih	-3
cocok ajar	-3
cocok tulis	-3
cocokin	-3
codingan chatgpt	-3
comfort zone	-3
computer science	-3
concern	-3
consider	-3
copy ai	-3
covid vaksin	-3
crosscheck chatgpt	-3
crosscheck jurnal	-3
customer service	-3
cut off	-3
dampak maju	-3
dangerous	-3
dapat beda	-3
dasar dasar	-3
dash ajar	-3
debu	-3
dengar dosen	-3
dengar malas	-3
depend	-3
detail judul	-3
detected	-3
diancem	-3
dibagiin	-3
dibenerin	-3
dicopas chatgpt	-3
dicurhatin	-3
didik indonesia	-3
dikit cari	-3
dirun	-3
discussion	-3
diskusi jawab	-3
ditanyain chatgpt	-3
doktoral	-3
dont mean	-3
dosen sidang	-3
dosen susah	-3
dosen uts	-3
down malas	-3
draft email	-3
ealah	-3
ekspor	-3
enak jidat	-3
enak makan	-3
english ajar	-3
esei	-3
essay skripsi	-3
etika ai	-3
fahami	-3
fakyu	-3
fanfic chatgpt	-3
fee zonauang	-3
fikiran	-3
filosofis	-3
flashback	-3
flexing	-3
followersnya	-3
framing	-3
full skripsi	-3
gagap	-3
gaiso	-3
gamasalah	-3
ganti dukung	-3
gantung pilih	-3
gaya ajar	-3
gblk	-3
gbsa	-3
gemini unggul	-3
generasi gen	-3
generasi generasi	-3
generate image	-3
generik	-3
getting	-3
ghaib	-3
gih	-3
giving	-3
goblok goblokin	-3
google gratis	-3
google usaha	-3
googling kalimat	-3
gpa	-3
hallucinate	-3
halunya	-3
halusinasi akademik	-3
halusinasi lumrah	-3
halusinasi tugas	-3
hasil selesai	-3
hectic	-3
helped	-3
hikmah	-3
hirup	-3
homo	-3
ide cari	-3
ide kreatif	-3
ide negatif	-3
ide outline	-3
ikn	-3
ilham	-3
ilmiah kuliah	-3
ily	-3
ily chatgpt	-3
imbas	-3
indikasi	-3
indonesia english	-3
informatika chatgpt	-3
infp	-3
instal	-3
internet buku	-3
interpretasi data	-3
inti malas	-3
isi suruh	-3
isnt	-3
istighfar	-3
ive	-3
jadi dasar	-3
jalan chatgpt	-3
jaman gantung	-3
jaman mahasiswa	-3
jawab ai	-3
jawab ngalor	-3
jawab ubah	-3
jenis ai	-3
jidat	-3
joki cari	-3
joki joki	-3
joki kti	-3
jual prompt	-3
jujur kesel	-3
jujur tugas	-3
jumlah	-3
jurang	-3
jurus chatgpt	-3
kaga paham	-3
kaji chatgpt	-3
kaji mit	-3
kalimat ubah	-3
kantor kampus	-3
karna beda	-3
kerja full	-3
kerja gampang	-3
kerkel	-3
kesalahpahaman	-3
kesan negatif	-3
ketar	-3
ketar tir	-3
ketik ulang	-3
ketiplek salin	-3
kgak	-3
kieu	-3
kira chatgpt	-3
kitorang	-3
klompok	-3
knapa	-3
komedi	-3
kongsi chatgpt	-3
kopong	-3
koreksi typo	-3
kreatif berfikir	-3
kreativitas ajar	-3
kuat informasi	-3
kuat lemah	-3
kuliah berangkat	-3
kuliah coba	-3
kuliah dikerjain	-3
kuliah isi	-3
kuliah kembali	-3
kuliah konsep	-3
kuliah ngoding	-3
kuliah nilai	-3
kuliah nugas	-3
lampirin chatgpt	-3
landas teori	-3
language chatgpt	-3
lantang	-3
larang keras	-3
last mute	-3
layan langgan	-3
layang	-3
lazy	-3
lekat	-3
lengkap artikel	-3
level malas	-3
lompok	-3
lulus mahasiswa	-3
magic	-3
mahasiswa halusinasi	-3
mahasiswa pikir	-3
makan enak	-3
makan siang	-3
malas beda	-3
malas browsing	-3
malas goblok	-3
malas komen	-3
malas laku	-3
malas	-5
gantung	-4
plagiarisme	-3
susah	-3
sulit	-2
bosan	-1
rame	-1
lagu	-1
ribet	-1
framework	-1
flag	-1
capek	-1
parameter	-1
plagiarism	-1
plagiator	-1
bising	-1
lagipula	-1
plagiarsm	-1
flagship	-1
privilage	-1
ngelag	-1
laga	-1
lagaya	-1
terrorist	-1
gramed	-1
framer	-1
ribetnya	-1
lagata	-1
greenflag	-1
temperamental	-1
laptopngelag	-1
gilagilanya	-1
plagiarized	-1
lagta	-1
serame	-1
adalagi	-1
malass	-1
plagiariasme	-1
lagsg	-1
frame	-1
spending	-1
terrorism	-1
apatahlagi	-1
sulitt	-1
kemalasanberfikir	-1
plagi	-1
seribet	-1
tugasnlagi	-1
kesusahaan	-1
programer	-1
mikir	-3
mikirnya	-1
mikirmu	-1
dipersulitt	-1
mikirpun	-1
