Label,Term
Ethics,etika
Ethics,moral
Ethics,kejujuran
Ethics,jujur
Ethics,integritas
Ethics,amanah
Ethics,adil
Ethics,tanggung jawab
Ethics,bertanggung jawab
Ethics,kode etik
Ethics,disiplin
Ethics,plagiat
Ethics,plagiarisme
Ethics,penjiplakan
Ethics,menjiplak
Ethics,nyontek
Ethics,mencontek
Ethics,curang
Ethics,kecurangan
Ethics,bohong
Ethics,berbohong
Ethics,copypaste
Ethics,copy paste
Ethics,copy-paste
Ethics,tidak etis
Ethics,tidak bermoral
Ethics,amoral
Ethics,immoral
Ethics,hak cipta
Ethics,copyright
Ethics,keaslian
Ethics,asli
Ethics,original
Ethics,autentik
Ethics,sitasi
Ethics,kutipan
Ethics,referensi
Ethics,sumber
Ethics,atribusi
Ethics,kredit
Ethics,mengakui
Ethics,pelanggaran
Ethics,aturan
Ethics,meniru
Ethics,peraturan
Ethics,tata tertib
Ethics,sanksi
Ethics,hukuman
Ethics,denda
Ethics,skorsing
Ethics,dikeluarkan
Ethics,fabrikasi
Ethics,falsifikasi
Ethics,data palsu
Ethics,hasil palsu
Ethics,rekayasa
Ethics,fabricate
Ethics,misconduct
Ethics,penipuan akademik
Psychological,stres
Psychological,stress
Psychological,tertekan
Psychological,tekanan
Psychological,overwhelmed
Psychological,kewalahan
Psychological,beban
Psychological,terbebani
Psychological,cemas
Psychological,anxiety
Psychological,gelisah
Psychological,resah
Psychological,khawatir
Psychological,panik
Psychological,nervous
Psychological,gugup
Psychological,depresi
Psychological,depressed
Psychological,sedih
Psychological,murung
Psychological,putus asa
Psychological,hopeless
Psychological,menyerah
Psychological,lelah
Psychological,kelelahan
Psychological,capek
Psychological,burnout
Psychological,exhausted
Psychological,letih
Psychological,loyo
Psychological,drop
Psychological,frustasi
Psychological,frustrated
Psychological,kesal
Psychological,jengkel
Psychological,bingung
Psychological,stuck
Psychological,buntu
Psychological,motivasi
Psychological,termotivasi
Psychological,semangat
Psychological,bersemangat
Psychological,antusias
Psychological,males
Psychological,malas
Psychological,tidak mood
Psychological,percaya diri
Psychological,pede
Psychological,confidence
Psychological,insecure
Psychological,minder
Psychological,rendah diri
Psychological,takut gagal
Psychological,mental health
Psychological,kesehatan mental
Psychological,psikis
Psychological,emosional
Psychological,trauma
Psychological,traumatis
Psychological,disorder
Psychological,curhat
Psychological,susah
Social,kolaborasi
Social,kerjasama
Social,bekerja sama
Social,kooperatif
Social,koordinasi
Social,sinergi
Social,diskusi
Social,dialog
Social,sharing
Social,berbagi
Social,ngobrol
Social,komunikasi
Social,berkomunikasi
Social,komunitas
Social,kelompok
Social,grup
Social,team
Social,tim
Social,circle
Social,peer
Social,sejawat
Social,tutor sebaya
Social,mentoring
Social,peer learning
Social,group project
Social,teman
Social,sahabat
Social,rekan
Social,kolega
Social,mitra
Social,kawan
Social,jaringan
Social,relasi
Social,networking
Social,hubungan
Social,pertemanan
Social,forum
Social,komentar
Social,feedback
Social,webinar
Social,zoom
Social,telegram
Social,discord
Social,grup wa
Social,dosen
Social,profesor
Social,pengajar
Social,pembimbing
Social,advisor
Social,supervisor
Social,mentor
Social,asisten
Social,kampus
Social,jawab
Social,bantu
Innovative,inovasi
Innovative,inovatif
Innovative,kreatif
Innovative,kreativitas
Innovative,imajinatif
Innovative,visioner
Innovative,baru
Innovative,unik
Innovative,fresh
Innovative,eksperimen
Innovative,mencoba
Innovative,uji coba
Innovative,eksplorasi
Innovative,trial
Innovative,testing
Innovative,bereksperimen
Innovative,transformasi
Innovative,revolusi
Innovative,terobosan
Innovative,disrupsi
Innovative,perubahan
Innovative,adaptif
Innovative,reformasi
Innovative,machine learning
Innovative,kecerdasan buatan
Innovative,llm
Innovative,automation
Innovative,smart
Innovative,cerdas
Innovative,efisiensi
Innovative,produktifitas
Innovative,optimal
Innovative,meningkatkan
Innovative,improve
Innovative,solusi
Innovative,membantu
Innovative,future
Innovative,futuristic
Innovative,masa depan
Innovative,next generation
Innovative,society 5.0
Innovative,industry 4.0
Technical,akurat
Technical,akurasi
Technical,tepat
Technical,valid
Technical,benar
Technical,salah
Technical,error
Technical,incorrect
Technical,inaccurate
Technical,reliable
Technical,kredibel
Technical,terpercaya
Technical,stabil
Technical,bug
Technical,performa
Technical,performance
Technical,cepat
Technical,lambat
Technical,lemot
Technical,lag
Technical,responsif
Technical,hang
Technical,crash
Technical,masalah
Technical,problem
Technical,kendala
Technical,trouble
Technical,issue
Technical,glitch
Technical,terbatas
Technical,limitasi
Technical,keterbatasan
Technical,tidak bisa
Technical,gagal
Technical,fail
Technical,version
Technical,update
Technical,upgrade
Technical,outdated
Learning,belajar
Learning,pembelajaran
Learning,studi
Learning,learning
Learning,memahami
Learning,mengerti
Learning,paham
Learning,menelaah
Learning,materi
Learning,pelajaran
Learning,modul
Learning,bab
Learning,kurikulum
Learning,konten
Learning,topik
Learning,lesson
Learning,tugas
Learning,latihan
Learning,kuis
Learning,ujian
Learning,praktikum
Learning,homework
Learning,assignment
Learning,belajar mandiri
Learning,tutorial
Learning,praktik
Learning,kelas online
Learning,metode
Learning,strategi
Learning,pendekatan
Learning,teknik
Learning,cara mengajar
Learning,pengajaran
Learning,learning method
Learning,pengetahuan
Learning,skill
Learning,keterampilan
Learning,kemampuan
Learning,kompetensi
Learning,literasi
Learning,berpikir kritis
Learning,ajar
Learning,kuliah
Learning,mahasiswa
Learning,tulis
Learning,baca
Learning,informasi
Learning,akademik
Evaluation,nilai
Evaluation,skor
Evaluation,score
Evaluation,grade
Evaluation,ipk
Evaluation,gpa
Evaluation,ranking
Evaluation,peringkat
Evaluation,penilaian
Evaluation,assessment
Evaluation,evaluasi
Evaluation,feedback
Evaluation,masukan
Evaluation,saran
Evaluation,kritik
Evaluation,revisi
Evaluation,rubrik
Evaluation,hasil
Evaluation,capaian
Evaluation,achievement
Evaluation,prestasi
Evaluation,accomplishment
Evaluation,lulus
Evaluation,tidak lulus
Evaluation,fail
Evaluation,success
Evaluation,uji
Evaluation,uas
Evaluation,uts
Time,waktu
Time,jadwal
Time,deadline
Time,tenggat
Time,batas Time
Time,due date
Time,schedule
Time,cepat
Time,instan
Time,lambat
Time,terlambat
Time,efisien
Time,productive
Time,produktif
Time,tepat Time
Time,planning
Time,perencanaan
Time,target
Time,goal
Time,prioritas
Time,urgent
Time,penting
Time,disiplin
Time,konsisten
Time,rutin
Time,habit
Time,kebiasaan
Time,menunda
Time,prokrastinasi
Time,procrastination
Research,riset
Research,research
Research,penelitian
Research,kajian
Research,studi ilmiah
Research,eksperimen
Research,survey
Research,observasi
Research,skripsi
Research,tesis
Research,disertasi
Research,paper
Research,jurnal
Research,publikasi
Research,artikel ilmiah
Research,tugas akhir
Research,metodologi
Research,metode penelitian
Research,analisis
Research,data
Research,dataset
Research,variabel
Research,statistik
Research,hipotesis
Research,review
Research,peer review
Research,publikasi ilmiah
Research,open access
Research,citation
Research,research gate
Research,scopus
Research,artikel
Research,cari

