group,phrase
promo_joki,open joki
promo_joki,buka joki
promo_joki,jasa joki
promo_joki,terima joki
promo_joki,order joki
promo_joki,jasa pembuatan skripsi
promo_joki,jasa tugas kuliah
promo_joki,free revisi
promo_joki,revisi sepuasnya
promo_joki,jasa skripsi
promo_joki,jasa tesis
promo_joki,jasa coding
promo_joki,jasa website
promo_joki,jasa ppt
promo_joki,jasa power point
promo_joki,jasa desain
promo_joki,jasa artikel
promo_joki,jasa penelitian
promo_akun,jual akun
promo_akun,dijual murah
promo_akun,jual beli
promo_akun,jual murah
promo_akun,jual cepat
promo_akun,dijual
promo_akun,ready stock
promo_akun,stok ready
promo_akun,akun lifetime
promo_akun,langganan
promo_akun,PRO Premium
promo_akun,Akun permanen
promo_penawaran,promo
promo_penawaran,promosi
promo_penawaran,mau order
promo_penawaran,open order
promo_penawaran,buka order
promo_penawaran,open reseller
promo_penawaran,open jasa
promo_penawaran,buka jasa
promo_penawaran,dm for price
promo_penawaran,dm untuk harga
promo_penawaran,wa untuk order
promo_penawaran,hubungi wa
promo_penawaran,mempromosikan
promo_penawaran,chat admin
promo_penawaran,contact admin
promo_penawaran,trusted seller
promo_penawaran,$
promo_penawaran,akun bergaransi
promo_penawaran,garansi akun
promo_penawaran,harga spesial
promo_penawaran,harga promo
promo_penawaran,memonetisasi
promo_penawaran,monetisasi
promo_penawaran,monetize
promo_penawaran,harga murah
promo_penawaran,diskon
promo_penawaran,discount
promo_penawaran,promo diskon
promo_penawaran,promo belajar
promo_penawaran,chatgpt yang murah
promo_penawaran,wts wtb
promo_tools,claude pro
promo_tools,claude premium
promo_tools,midjourney premium
promo_tools,openai premium
promo_tools,spotify premium
promo_tools,viu premium
promo_tools,aplikasi premium
promo_tools,app premium
promo_tools,scribd premium
promo_tools,youtube premium
promo_tools,yt premium
promo_tools,promo chatgpt
promo_tools,PRO/PLUS/PREMIUM
promo_tools,grab
promo_tools,netflix
promo_tools,spotify
promo_tools,disney
promo_tools,ROBUX
promo_tools,viu
promo_tools,amazon
promo_tools,Writefull
promo_tools,Socratic
promo_tools,tome ai
promo_tools,jasper ai
promo_tools,conch ai
promo_tools,AI Premium
promo_tools,Shopee
promo_tools,Tersedia versi
promo_transaksi,bayar sekali
promo_transaksi,bayar seumur hidup
promo_transaksi,bayar langganan
promo_transaksi,harga langganan
promo_transaksi,biaya langganan
promo_transaksi,akses berbayar
promo_transaksi,produk berbayar
promo_transaksi,mau order
promo_transaksi,mau beli
promo_transaksi,langganan premium
promo_transaksi,paket berbayar
promo_transaksi,harga murah
promo_transaksi,promo spesial
promo_transaksi,promo belajar
soft_promo_phrases,gunakan
soft_promo_phrases,coba pakai
soft_promo_phrases,coba
soft_promo_phrases,market
soft_promo_phrases,memonetisasi
soft_promo_phrases,ini rumusnya
soft_promo_phrases,pro tip
soft_promo_phrases,biar cepat
soft_promo_phrases,biar lebih cepat
soft_promo_phrases,nulis cepat
soft_promo_phrases,bikin presentasi instan
soft_promo_phrases,produk atau usaha
non_promo_phrases,hasil joki
non_promo_phrases,hasil chatgpt
non_promo_phrases,akibat joki
non_promo_phrases,akibat chatgpt
non_promo_phrases,ditopang chatgpt
non_promo_phrases,bukan jual
non_promo_phrases,bukan promo
non_promo_phrases,bukan penawaran
non_promo_phrases,kritik
non_promo_phrases,kritiknya
non_promo_phrases,sayangnya
non_promo_phrases,mengkritik
non_promo_phrases,komen
non_promo_phrases,komentar
non_promo_phrases,keluhan
non_promo_phrases,curhatan
non_promo_phrases,cerita
non_promo_phrases,ceritaku
non_promo_phrases,pengalaman
non_promo_phrases,pengalaman saya
non_promo_phrases,cerita saya
non_promo_phrases,buat brainstorming
non_promo_phrases,buat riset
non_promo_phrases,buat penelitian
non_promo_phrases,untuk penelitian
non_promo_phrases,untuk riset
non_promo_phrases,buat skripsi
non_promo_phrases,dipake buat
non_promo_phrases,dipakai buat
non_promo_phrases,dipake untuk
non_promo_phrases,dipakai untuk
non_promo_phrases,hasilnya
non_promo_phrases,hasil tugas
non_promo_phrases,nipu
non_promo_phrases,menipu
non_promo_phrases,nipunya
non_promo_phrases,ketipu
non_promo_phrases,jangan pake
,
,
,
,
,
,
,
,
,
,
,
,
,
,
,
,
,
,
,
,
,
,
,
,
,
,
,
,
,
,
,
,
,
,
,
,
,
,
,
,
,
,
,
,
,
,
,
,
,
,
,
,
,
,
,
,
,
,
,
,
,
,
,
,
,
,
,
,
,
,
,
,
,
,
,
,
,
,
,
,
,
,
,
,
,
,
,
,
,
,
,
,
,
,
,
,
,
,
,
,
,
,
,
,
,
,
,
,
,
,
,
,
,
,
,
,
,
,
,
,
,
,
,
,
,
,
,
,
,
,
,
,
,
,
,
,
,
,
,
,
,
,
,
,
,
,
,
,
,
,
,
,
,
,
,
,
,
,
,
,
,
,
,
,
,
,
,
,
,
,
,
,
,
,
,
,
,
,
,
,
,
,
,
,
,
,
,
,
,
,
,
,
,
,
,
,
,
,
,
,
,
,
,
,
,
,
,
,
,
,
,
,
,
,
,
,
,
,
,
,
,
,
,
,
,
,
,
,
,
,
,
,
,
,
,
,
,
,
,
,
,
,
,
,
,
,
,
,
,
,
,
,
,
,
,
,
,
,
,
,
,
,
,
,
,
,
,
,
,
,
,
,
,
,
,
,
,
,
,
,
,
,
,
,
,
,
,
,
,
,
,
,
,
,
,
,
,
,
,
,
,
,
,
,
,
,
,
,
,
,
,
,
,
,
,
,
,
,
,
,
,
,
,
,
,
,
,
,
,
,
,
,
,
,
,
,
,
,
,
,
,
,
,
,
,
,
,
,
,
,
,
,
,
,
,
,
,
,
,
,
,
,
,
,
,
,
,
,
,
,
,
,
,
,
,
,
,
,
,
,
,
,
,
,
,
,
,
,
,
,
,
,
,
,
,
,
,
,
,
,
,
,
,
,
,
,
,
,
,
,
,
,
,
,
,
,
,
,
,
,
,
,
,
,
,
,
,
,
,
,
,
,
,
,
,
,
,
,
,
,
,
,
,
,
,
,
,
,
,
,
,
,
,
,
,
,
,
,
,
,
,
,
,
,
,
,
,
,
,
,
,
,
,
,
,
,
,
,
,
,
,
,
,
,
,
,
,
,
,
,
,
,
,
,
,
,
,
,
,
,
,
,
,
,
,
,
,
,
,
,
,
,
,
,
,
,
,
,
,
,
,
,
,
,
,
,
,
,
,
,
,
,
,
,
,
,
,
,
,
,
,
,
,
,
,
,
,
,
,
,
,
,
,
,
,
,
,
,
,
,
,
,
,
,
,
,
,
,
,
,
,
,
,
,
,
,
,
,
,
,
,
,
,
,
,
,
,
,
,
,
,
,
,
,
,
,
,
,
,
,
,
,
,
,
,
,
,
,
,
,
,
,
,
,
,
,
,
,
,
,
,
,
,
,
,
,
,
,
,
,
,
,
,
,
,
,
,
,
,
,
,
,
,
,
,
,
,
,
,
,
,
,
,
,
,
,
,
,
,
,
,
,
,
,
,
,
,
,
,
,
,
,
,
,
,
,
,
,
,
,
,
,
,
,
,
,
,
,
,
,
,
,
,
,
,
,
,
,
,
,
,
,
,
,
,
,
,
,
,
,
,
,
,
,
,
,
,
,
,
,
,
,
,
,
,
,
,
,
,
,
,
,
,
,
,
,
,
,
,
,
,
,
,
,
,
,
,
,
,
,
,
,
,
,
,
,
,
,
,
,
,
,
,
,
,
,
,
,
,
,
,
,
,
,
,
,
,
,
,
,
,
,
,
,
,
,
,
,
,
,
,
,
,
,
,
,
,
,
,
,
,
,
,
,
,
,
,
,
,
,
,
,
,
,
,
,
,
,
,
,
,
,
,
,
,
,
,
,
,
,
,
,
,
,
,
,
,
,
,
,
,
,
,
,
