abis	1
adek	1
aduh	1
ahli agama	1
aib	1
aja	1
ajak	1
ajakan	1
ajar	1
akibat	1
aliansi	1
alot	1
ampun	1
amuk	1
angguk	1
angkut	1
angsur	1
anjir	1
antologi	1
apa	1
apatis	1
arah	1
arti	1
arung	1
ayahanda	1
ayun	1
azimat	1
bahasan	1
baiknya	1
bajing	1
bakar	1
baku	1
balas	1
banting	1
baper	1
bau tanah	1
bawa	1
bayar	1
becus	1
belom	1
bentang	1
bentur	1
bepergian	1
beranda	1
berarti	1
berdua	1
bergema	1
bergeming	1
bergetar	1
berimbuh	1
berjaga jaga	1
berjatuhan	1
berkat	1
berlebih	1
berlimpah	1
beroperasi	1
berpandangan	1
berparade	1
berpembawaan	1
berprasangka	1
berproses	1
bersangkut	1
bersedia	1
bersesal	1
bersiap	1
bersikukuh	1
bersiteguh	1
bertekan	1
bertingkat	1
bertukar akal	1
biar	1
biarkan	1
bijaksana	1
bilas	1
bisu	1
bom	1
bopong	1
buat	1
bungkam	1
buntut	1
buru	1
buru buru	1
buruan	1
cegak	1
cemplung	1
cengang	1
cengkeram	1
cengkeraman	1
chatbot	1
check	1
cium telapak kaki	1
ciyeee	1
copas	1
copot	1
copy paste	1
cuek	1
curiga	1
daftar	1
damping	1
dangkal	1
darat	1
darurat	1
dede	1
degub	1
dekat	1
deket	1
deres	1
desak	1
diajak	1
dialog	1
diam	1
dicuekin	1
dimiliki	1
dimulai	1
diproses	1
disarankan	1
doang	1
dua	1
dunia	1
dzuhur	1
eaa	1
engah	1
entitas	1
erang	1
esok	1
firasat	1
follback	1
fulanah	1
ganjar balas	1
ganjaran balasan	1
ganyang	1
gejolak	1
gelagat	1
gelegak	1
geleser	1
gelesot	1
gelincir	1
gema	1
gending	1
gentar	1
gerak gerik	1
gerak laku	1
gerimis	1
gesek	1
geser	1
getar	1
getaran	1
globe	1
gontai	1
goreng	1
gores	1
gugur	1
guna	1
gurih	1
gusar	1
guys	1
habituasi	1
hajat	1
halo	1
hastag	1
hay	1
heboh	1
hendak	1
hendaknya	1
hi	1
hiii	1
himpit	1
hiruk	1
hitung	1
hostel	1
hotel	1
hubung	1
hujan	1
hy	1
iflix	1
ikat	1
imam	1
imbal	1
imbalan	1
imbuh	1
imla	1
inggris	1
inklusif	1
insiden	1
instan	1
instant	1
inteligen	1
invite	1
iritasi	1
jadi	1
jaga jaga	1
jamiah	1
jatuh	1
jeblos	1
jejal	1
jelas	1
jenak	1
jernih (suasana)	1
jernih suasana	1
join	1
joli	1
jomblo	1
jual	1
jualan	1
jungkal	1
kabung	1
kait	1
kaitan	1
kalap	1
kantong	1
kasad	1
kawal	1
keduniaan	1
kehebohan	1
kejelasan	1
kekeliruan	1
keki	1
kelawasan	1
keliru	1
kenek	1
kentara	1
kenyam	1
keras hati	1
keroyok	1
kerubung	1
kesediaan	1
ketemu	1
ketiadaan	1
khawatir	1
kliyengan	1
koleksi	1
kooperasi	1
koordinasi	1
koordinasikan	1
krim	1
kucil	1
kumbang	1
kuntit	1
kuy	1
lakon	1
lambat	1
langsung jawab	1
lanjur	1
lanjutkan	1
larut	1
laun	1
lawan	1
lawas	1
lebih	1
lelang	1
leleh	1
limpah	1
lompong	1
lorot	1
luntur	1
lupa	1
lupain	1
lupakan	1
mahal	1
makan	1
marilah	1
melakoni	1
melarutkan	1
melorot	1
memantai	1
memarkir	1
membahas	1
membisu	1
membuat	1
memejahijaukan	1
memindahkan	1
meminta	1
memperhitungkan	1
mempersiapkan	1
mempertentangkan	1
mencium telapak kaki	1
mencurigai	1
mendarat	1
menelungkup	1
mengaibkan	1
mengamuk	1
mengangsur	1
mengantongi	1
mengartikan	1
mengembang	1
mengenal	1
mengenyam	1
mengeroyok	1
mengerubungi	1
mengganyang	1
menggelesot	1
menggelincir	1
menggores	1
menghajatkan	1
menghubungi	1
mengimbangi	1
mengimla	1
menginterprestasikan	1
mengontak	1
mengucil	1
menguntiti	1
menjadi jadi	1
menjejali	1
menongkrong	1
menorehkan	1
menukar	1
menumpang tinggal	1
menutup mulut	1
menyaksikan	1
menyembul	1
menyembur	1
menyeni	1
menyesal	1
menyiapkan	1
menyidangkan	1
menyikap	1
menyinkronkan	1
menyuap	1
menyusutkan	1
merah telinga	1
merapal	1
merapat	1
merasai	1
merata	1
meredam	1
merenangi	1
merinai	1
milik	1
mirip	1
mobil	1
moga	1
moga moga	1
motel	1
mudah mudahan	1
mudahan	1
mulai	1
muncul	1
music	1
naik	1
naikkan	1
natal	1
natural	1
nestapa	1
ngajak	1
ngelupain	1
ngerasain	1
ngerti	1
nggak	1
ngobrol	1
normal	1
nunggu	1
nungguin	1
obsesi	1
omong kosong	1
only	1
operasi	1
pagi	1
pamrih	1
pancaroba	1
pancur	1
pandang	1
pangeran	1
pantai	1
pantar	1
pantas	1
parade	1
parkir	1
pasif	1
pelajar	1
pembahasan	1
pemikiran	1
penanganan	1
pendek	1
pengangkut	1
penggentaran	1
pengguna	1
penggunaan	1
pengirim	1
penimbunan	1
penumpukan	1
penyeragaman	1
perak	1
perebutan	1
pergi	1
perlawanan	1
personalitas	1
pertahanin	1
pertahankan	1
pertukaran	1
pikir	1
pindah	1
prasangka	1
proses	1
provokasi	1
pukul	1
puterin	1
raba	1
rajah	1
rapal	1
rapat	1
rasai	1
rasio	1
rata	1
ready	1
rebut	1
redam	1
reka	1
rektifikasi	1
religi	1
renang	1
rengkuh	1
rengkuhan	1
rinai	1
rontok	1
rusuh	1
rusuhan	1
sahut	1
sahutan	1
saksi	1
salambersama	1
sangsi	1
sarannya	1
satir	1
say	1
sayangnya	1
searah	1
sebat	1
sejenak	1
selengkapnya	1
sembul	1
sembur	1
seni	1
senjang	1
sensitif	1
sentuh	1
senyap	1
sepantar	1
sepuh	1
seragam	1
sesal	1
sesalan	1
setir	1
sewot	1
shortcut	1
siap	1
siapa	1
sidang	1
sila	1
silakan	1
silang selisih	1
singgung	1
sinkron	1
sirap hati	1
sirna	1
size	1
slow	1
smartphone	1
smga	1
smpai	1
solat	1
spesifik	1
stagnan	1
streng	1
suap	1
suasana (hati)	1
suasana hati	1
substansi	1
substansial	1
sunyi	1
susun	1
susut	1
tablig	1
tahan	1
tahan lama	1
takut	1
taman	1
tampak	1
tampil	1
tampilan	1
tandang	1
tangan	1
tari	1
tatap	1
team	1
tebal telinga	1
teh	1
tekan	1
telungkup	1
temennya	1
tempo	1
tenggang	1
tentang	1
terbakar	1
terbanting	1
tercemplung	1
tercengang	1
terdaftar	1
terdamping	1
terdekat	1
tergelincir	1
terjeblos	1
terjemah	1
terjun	1
terjungkal	1
terlanjur	1
terlewat	1
termakan	1
terpana	1
terperengah	1
terpukul	1
tewas	1
tiada	1
timbun	1
tinggal	1
tinggal tanya	1
tingkah laku	1
tingkat	1
tongkrong	1
toreh	1
tuah	1
tukar	1
tukar akal	1
tumandang	1
tumbang	1
tumpang tinggal	1
tumpu	1
tunduk	1
tunggu	1
turun	1
turunan	1
tutup mulut	1
uang	1
umum	1
undangan	1
upah	1
upaya	1
usaha	1
usik	1
usikan	1
varian	1
verbal	1
vote	1
wafat	1
yaaaa	1
yaudah	1
yoga	1
(warna) dadu	2
Ahad	2
aamiin	2
ab	2
aba	2
abah	2
abi	2
abid	2
absorpsi	2
absurd	2
abu	2
accessible	2
adab	2
adakala	2
adaptasi	2
adi	2
adiluhung	2
administrator	2
adzan	2
afair	2
afdal	2
afeksi	2
afiliasi	2
afirmasi	2
ai	2
ai tool	2
ajal	2
ajojing	2
akademik	2
akar	2
akas	2
akidah	2
akomodasi	2
akrab	2
akses	2
aksi	2
aktif	2
aku	2
akuan	2
akun	2
alaikum	2
alam	2
alamiah	2
album	2
alih generasi	2
alim	2
ambilan	2
ambisi	2
amerta	2
amin	2
amor	2
ampas (kopi)	2
amplop	2
ana	2
anak Adam	2
anak didik	2
anak sasian	2
anak sekolah	2
andai	2
andini	2
andur	2
aneka	2
anekdot	2
angan	2
anggapan	2
anggar	2
angkat	2
antipati	2
antisipasi	2
antusias	2
antusiasme	2
anugerah	2
anut	2
aplikasi	2
arabika	2
arak	2
arketipe	2
arsitektur	2
artian	2
artifisial	2
artis	2
artistik	2
asa	2
asah asih asuh	2
asasi	2
asih	2
asket	2
asketisme	2
asli	2
asmara	2
asoi	2
asosiasi	2
asrama	2
assalamualaikum	2
astaga	2
astagfirullah	2
asuh	2
atasan	2
atensi	2
atom	2
autentik	2
awal	2
aya	2
ayunan	2
aziz	2
babaran	2
babe	2
baby	2
baca	2
bacot	2
bagi	2
baginda	2
bagusan	2
bahan ajar	2
bahas	2
baik baik	2
baiklah	2
bain	2
baju	2
baksis	2
balasan	2
banding	2
bangan	2
bangga	2
bangkit	2
bangkit selera	2
bangsawan	2
bantalan	2
bantu	2
bantuan ai	2
bantuin	2
banyak	2
banyak akal	2
banyaknya	2
banyolan	2
bapa	2
bapanda	2
bapang	2
bara	2
bareng	2
baring	2
barter	2
batas	2
batas (waktu)	2
batasan	2
batu	2
bausuku	2
bawaan	2
bayang	2
bayang bayang	2
bayangan	2
bayangkara	2
beber	2
bebodoran	2
bedah	2
bedegap	2
bekal	2
belajar	2
belanja	2
beli	2
belok	2
belukar	2
benar	2
bentukan	2
berakar	2
berakibat	2
beranak	2
beranak pinak	2
berbagai	2
berbagai macam	2
berbagi	2
berbentuk	2
berbetulan	2
berbobot	2
berbuah	2
berbunga	2
bercita rasa	2
bercokol	2
berdagang	2
berdansa	2
berdaya	2
berdenyut	2
beredar	2
berembuk	2
bergairah	2
bergelanggang	2
bergelora	2
bergengsi	2
bergigi	2
berguru	2
berhajat	2
berharga	2
berhasrat	2
berhati hati	2
berhikmah	2
beri	2
berikhtiar	2
beriktikad	2
beriman	2
berimbas	2
beristirahat	2
berjenis jenis	2
berjihad	2
berjilbab	2
berjiwa	2
berkait	2
berkaitan	2
berkarya	2
berkecambah	2
berkeinginan	2
berkeluarga	2
berkenan	2
berkesesuaian	2
berketurunan	2
berkeyakinan	2
berkinte	2
berkualitas	2
berkuat	2
berkukuh	2
berlabuh	2
berlangganan	2
berlarasan	2
berlezat	2
berlibat	2
berlilit	2
bermacam macam	2
bermaslahat	2
bermohon	2
bermohon diri	2
bermukim	2
bermutu	2
bernafsu	2
bernapaskan	2
bernas	2
bernilai	2
bernyali besar	2
bernyanyi	2
beroleh	2
berpacangan	2
berpacaran	2
berpamor	2
berpartisipasi	2
berpasrah	2
berpaut	2
berpendidikan	2
berpengaruh	2
berperan serta	2
berperang	2
berpilin	2
berpiuh	2
berprakarsa	2
berpulas	2
berputra	2
bersahabat	2
bersalin	2
bersama	2
bersamamu	2
bersaur	2
bersekolah	2
berselawat	2
berseluk	2
bersemi	2
berserah	2
bersesuaian	2
bersetuju	2
bersila	2
bersimpuh	2
bersulur	2
bertambatan	2
bertanding	2
bertanduk	2
bertanya	2
bertaraf	2
bertaruk	2
berteduh	2
bertemu	2
bertenggang	2
bertepatan	2
bertransaksi	2
bertunangan	2
bertunas	2
bertundangan	2
bertuntun	2
berumah tangga	2
beruntutan	2
berupaya	2
berusaha	2
berwibawa	2
berwujud	2
besar besaran	2
besar hati	2
besar lengan	2
beterbangan	2
better	2
betul	2
biadab	2
biang keladi	2
biasa	2
bidang	2
bidasan	2
bijak	2
bijih	2
bikinan	2
bilhak	2
bimbing	2
binasa	2
bincang	2
bineka	2
binen	2
bisa 3	2
bisnis	2
bobot	2
boleh	2
bombastis	2
bonafide	2
booking	2
borong	2
bos	2
buah	2
buaian	2
buatan	2
buka	2
bukan plagiarisme	2
bukan plagiat	2
bulang	2
bulat kata	2
bumbung	2
bunda	2
bunga	2
bunyi	2
busana	2
butuh	2
cadang	2
cadangan	2
cakap	2
candang	2
candrasa	2
candu	2
cantik	2
cantrik	2
caplok	2
care	2
cash	2
cawis	2
cebak	2
cedayam	2
cedok	2
cegah	2
cek plagiarisme	2
cekat	2
cekatan	2
celengan	2
cempiang	2
cenangkas	2
cendekia	2
cengkauan	2
cepat	2
cepet	2
cerapan	2
cercah	2
cerdas	2
cerdik	2
cerita	2
cerita anak	2
ceritanya	2
cermin	2
cerminan	2
challenge	2
chat	2
chatgpt	2
cicip	2
cinta	2
cintamu	2
cintrong	2
cipta	2
ciptaan	2
cita rasa	2
citra	2
cium	2
claude	2
coba	2
coffee	2
colok	2
congrats	2
contoh soal	2
convenient	2
coret	2
coretan	2
couple	2
cuat	2
cucu Adam	2
curhat	2
cuti	2
dadak	2
dagel	2
dagelan	2
dahsyat	2
dahulu	2
daim	2
dakaik	2
dakwa	2
dalam	2
dalang	2
dall	2
dambaan	2
dansa	2
dapat	2
dapatkan	2
dateng	2
daya pikir	2
daya upaya	2
dear	2
debar	2
debat	2
debuk	2
dedengkot	2
deduksi	2
deepseek	2
definisi	2
definit	2
degap	2
delusi	2
demen	2
denda	2
dendang	2
dengar	2
dengar pendapat	2
dengerin	2
denyut	2
dependen	2
deposito	2
deras	2
derauan	2
deteksi plagiarisme	2
determinasi	2
dewana	2
dewasa	2
diamond	2
dibalas	2
dibantu	2
dibayar	2
dicoba	2
didik	2
diem	2
dihati	2
dikara	2
dikasih	2
dikirim	2
dikonfirmasi	2
dikte	2
dinamika	2
dipantau	2
direktur	2
disayang	2
disiplin	2
diskaun	2
diskon	2
dispensasi	2
distribusi	2
diterima	2
ditunggu	2
diva	2
doain	2
dobrak	2
dodor	2
dogmatis	2
doktrin	2
dol	2
dominan	2
dominasi	2
donatur	2
dongeng	2
donor	2
drama ria	2
drum	2
duga	2
duluan	2
edar	2
efek	2
eja	2
eka	2
ekonomis	2
eksemplar	2
eksplisit	2
eksplorasi	2
ekspres	2
ekstra	2
ekstremis	2
elektromotif	2
elu	2
emong	2
emosi	2
empuk	2
endus	2
endut endut	2
energi	2
enjoy	2
erti	2
esa	2
esai	2
essay	2
estetik	2
eviden	2
exercise	2
fadil	2
fair	2
faktitius	2
faktual	2
familiar	2
fanbase	2
fans	2
fantasi	2
fantasy	2
fasilitas	2
fast	2
fatamorgana	2
fatanah	2
federasi	2
fiesta	2
figur	2
fiksi	2
filantropi	2
filial	2
filsafat	2
final	2
fine	2
fitrah	2
fokus	2
fondasi	2
formal	2
formasi	2
forum	2
foto	2
free	2
friends	2
fusi	2
gairah	2
gambar	2
gambir	2
gamblang	2
game	2
ganduh	2
ganti	2
gapai	2
gapaian	2
garda	2
gari	2
garis besar	2
gatra	2
gedembal	2
gegap	2
gelak	2
gelanggang	2
gelar	2
gelebah	2
gelora	2
gemi	2
geming	2
gemini	2
genah	2
generate	2
gengsi	2
genius	2
gentas	2
gepok	2
gerha	2
getol	2
gigil	2
gila	2
gila gilaan	2
giliran	2
girang	2
girik	2
girik girik	2
gita	2
gobek	2
goda	2
gol	2
gombal	2
gombrang	2
gombroh	2
gombrong	2
grahita	2
gratifikasi	2
gratis	2
guar	2
gubahan	2
gubris	2
gugah	2
guntang guntang	2
guru	2
gurufavorit	2
guruh	2
gws	2
habis	2
hadir	2
hai	2
halusinasi	2
hamba Allah	2
hamba allah	2
hamparan	2
handai	2
hantu	2
harap	2
harga	2
harga diri	2
hari	2
harmonis	2
harmonisasi	2
harmonisasiuniv	2
harus 3	2
hasad	2
hasan	2
hati	2
hati hati	2
hatiku	2
hayat	2
hebring	2
hello	2
help	2
hemat waktu	2
herbal	2
hias	2
hiasan	2
hidang	2
hidup	2
hii	2
hijau	2
hikmah	2
hikmat	2
hilang	2
hindari plagiarisme	2
hingar	2
hipotetis	2
hoki	2
homogen	2
hujan ringan	2
hukum	2
hulubalang	2
hutan	2
ibunda	2
idam	2
idaman	2
ideal	2
ijab	2
ijtihad	2
ikat janji	2
ikhtiar	2
iktikad	2
ikut serta	2
ilusi	2
imaji	2
iman	2
imbang	2
imitasi	2
impian	2
import	2
impulsif	2
inap	2
indah	2
indikasi	2
inferensi	2
infinit	2
informasi	2
informasinya	2
ingat	2
ingatan	2
inisiator	2
inkorporasi	2
inovasi	2
insaf	2
insentif	2
inspirasi	2
instingtif	2
insyaallah	2
intan	2
integrasi	2
intelektual	2
intensi	2
intensif	2
interaksi	2
interferensi	2
interpretasi	2
interupsi	2
intim	2
intuitif	2
inventivitas	2
invitasi	2
irit	2
isbat	2
isi	2
isi perut	2
itihad	2
jabar	2
jadi mudah	2
jaga	2
jagalah	2
jago	2
jagoan	2
jajak	2
jala	2
jalan bebas hambat	2
jalan bebas hambatan	2
jalan buka	2
jalan keluar	2
jalan tengah	2
jalan terbuka	2
jalanin	2
jali	2
jamhur	2
jamik	2
jamil	2
jangka	2
jarak	2
jaring	2
jaringan	2
jaswadi	2
jatah	2
jawab	2
jawaban	2
jawara	2
jebakan	2
jelak	2
jelang	2
jentelmen	2
jeraus	2
jidur	2
jigrah	2
jihad	2
jilbab	2
jodoh	2
jreng	2
juang	2
judul	2
julat	2
jumat	2
jumpa muka	2
juta	2
kabar	2
kadang	2
kadang kadang	2
kado	2
kaget	2
kagum	2
kakek	2
kalong	2
kam	2
kamil	2
kampanye	2
kangen	2
kapabilitas	2
kapasitas	2
karena Allah	2
karena allah	2
karsa	2
karya	2
karyawan	2
kasih	2
kasual	2
kaya	2
keahlian	2
keaktifan	2
kebangkitan	2
kebanyakan	2
kebijakan	2
kebolehan	2
kecakapan	2
kecantikan	2
kecong	2
kedalaman	2
kedetect ai	2
kediaman	2
kedodoran	2
kedot	2
kedoyanan	2
kegiatan	2
kegilaan	2
kegirangan	2
kehadiran	2
keikutsertaan	2
kejadian	2
kejuruan	2
kejut	2
kejutan	2
kekal	2
kekayaan	2
kekekalan	2
kekerabatan	2
kekhususan	2
kekuatan	2
kekuatan batin	2
kelahiran	2
kelapangan	2
kelar	2
kelelawar	2
kelepasan	2
keliatan	2
kelilipan	2
kelonggaran	2
keluang	2
keluangan	2
keluaran	2
keluasan	2
kelucuan	2
kemangkakan	2
kemas	2
kembang	2
kembang kempis	2
kemiripan	2
kemudahan	2
kemudahan akses	2
kemudi	2
kemufakatan	2
kemunculan	2
ken	2
kenal	2
kenan	2
kenang	2
kenang kenangan	2
kenangan	2
kencan	2
kencang	2
kenyang	2
kepatuhan	2
kepelesiran	2
kepercayaan	2
kepleset	2
kepo	2
kepoin	2
keprihatinan	2
kepuasan	2
kerabat	2
keras tulang	2
kerasan	2
keriaan	2
kerinduan	2
keringanan	2
kerja	2
kerja keras	2
kerjaan	2
kerjasama	2
kerukunan	2
kes	2
kesah	2
kesatria	2
kesepakatan	2
kesertaan	2
kesetiaan	2
kesimpulan	2
kesudian	2
kesuma	2
ketaatan	2
ketajaman	2
ketapak	2
keteguhan batin	2
keteguhan hati	2
ketertiban	2
ketetapan hati	2
ketibaan	2
khalas	2
khayal	2
khuluk	2
khusyuk	2
kiat	2
kicau	2
kicu	2
kilat	2
kincang	2
kincung	2
kini	2
kiprah	2
kira	2
kirim	2
kisas	2
kitab	2
kohesi	2
komedi	2
komisi	2
kompetensi	2
komplet	2
komunikasi	2
komunitas	2
koneksi	2
konferensi	2
konfirmasi	2
konfirmasinya	2
konformitas	2
konklusi	2
konkret	2
konsensus	2
konsolidasi	2
konspirasi	2
konstelasi	2
konstruktif	2
konsultasi	2
kontak	2
kontan	2
kontemporer	2
konten	2
kontributor	2
koordinator	2
kreasi	2
kreativitas	2
kredibel	2
kriteria	2
kualifikasi	2
kualitas	2
kuasa	2
kuat	2
kuat (dugaan)	2
kuat batin	2
kuat duga	2
kubra	2
kucup	2
kuesioner	2
kukuh	2
kunci	2
kunjung	2
kunjungi	2
kunyah	2
kupon	2
kurang	2
kusa	2
labuh	2
labuhan	2
laden	2
lafal	2
lagak	2
lagu	2
lahir	2
lajnah	2
lakeri	2
lalu	2
lam	2
lambuk	2
lambung	2
lancarkan	2
lancung	2
langgam	2
langgan	2
langkah kanan	2
langsung	2
lanjut	2
lantik	2
lantip	2
lapang	2
lapangan	2
lapisan	2
lapor	2
laporkan	2
latih	2
latihan	2
latihan soal	2
layak	2
layan	2
layanan	2
lebar	2
lebuk	2
lebun	2
lekas	2
lembuk	2
lenggang	2
lengkap	2
lepek	2
lewat	2
liat	2
libur	2
liburan	2
lihai	2
lihat	2
limbukan	2
lingkungan	2
lingsir	2
linuhung	2
lipur	2
liputan	2
literatur	2
live	2
longgar	2
longo	2
losmen	2
lotre	2
love	2
luang	2
luas	2
lucu	2
luk	2
lukis	2
lukisan	2
lumayan	2
lunas (kapal	2
lunas kapal	2
lunch	2
luruh	2
lurus hati	2
maaf	2
maen	2
mafhum	2
mahdi	2
main	2
majenun	2
majubersama	2
makalah	2
makanan	2
makbul	2
makhluk	2
makin	2
maklum	2
maklumat	2
maksimal	2
maksud	2
malayari	2
malim	2
malu	2
mamak	2
mampir	2
mampu	2
mancing	2
manfaatnya	2
manggala	2
manusia	2
mapan	2
margrit	2
masa kini	2
masak	2
masakan	2
masif	2
masjid	2
maskapai	2
maslahat	2
masygul	2
mata cahari	2
mata pencaharian	2
matahari	2
matematika	2
maujud	2
medium	2
mekar	2
meladeni	2
melafalkan	2
melahirkan	2
melakonkan	2
melalui	2
melambungkan	2
melancarkan	2
melantik	2
melantunkan	2
melarikan	2
melayani	2
meledos	2
melek	2
melendeh	2
melengkapi	2
melewati	2
melihat	2
melilit	2
melintangi	2
melintas (rimba)	2
melisankan	2
meloloskan	2
melongo	2
melontarkan	2
meluas	2
meluluskan	2
meluncurkan	2
memafhumi	2
memahami	2
memaklumi	2
memalu	2
memandu	2
memanjang	2
memartil	2
memasuki	2
membara	2
membatu	2
membayangkan	2
membeli	2
membenarkan	2
memberi	2
membiasakan	2
membimbingmu	2
membimbit	2
membingkas	2
membunyikan	2
memburu	2
memerikan	2
memfasilitasi	2
memikat	2
meminati	2
meminta (kpd Tuhan)	2
memintasi	2
mempercantik	2
memperelok	2
memperindah	2
memperkirakan	2
memperkuat	2
mempersolek	2
memprediksi	2
mempromosikan	2
memuai	2
memudahkan	2
memudar	2
memuluskan	2
memunculkan	2
menafsirkan	2
menambah	2
menanggapi	2
menangkap	2
menarik	2
menarik hati	2
menaruh hati	2
menating	2
menayangkan	2
mencari akal	2
mencari jalan	2
menceritakan	2
mencerna	2
mencintai	2
mencolok	2
mendahului	2
mendalam	2
mendandankan	2
mendengungkan	2
menderaikan	2
mendeteksi	2
mendidik	2
mendikte	2
mending	2
menduga	2
menebak	2
menebarkan	2
menegarkan	2
menegur	2
menelaah	2
menelurkan	2
menelusuri	2
menembusi	2
menempuh (hidup)	2
menemukan	2
menentu	2
menerima	2
menerka	2
menetap	2
mengadunkan	2
mengalami	2
mengalunkan	2
menganggap	2
menganggar	2
mengantisipasi	2
menganugerahi	2
mengarahkan	2
mengarifi	2
mengasihi	2
mengatakan	2
mengawal	2
mengecamkan	2
mengeja	2
mengeksplorasi	2
mengeloskan	2
mengenang	2
mengerti	2
mengesahkan	2
mengetuk	2
menggambari	2
mengganjari	2
menggemari	2
menggemburkan melambuk	2
menghadiahkan	2
menghemat waktu	2
mengherankan	2
menghidangkan	2
menghikayatkan	2
menghimpunkan	2
mengikuti	2
mengiler	2
mengimbas	2
mengimbasi	2
mengimbuhi	2
mengingat ingat	2
mengingatkan	2
menginsafi	2
mengipasi	2
mengira ngira	2
mengirat	2
mengisi	2
mengizinkan	2
mengononkan	2
mengorak senyum	2
mengucapkan	2
mengucup	2
mengumaikan	2
mengumpulkan	2
mengumumkan	2
mengutarakan	2
meniti	2
menjalani	2
menjelajah	2
menjelajahi	2
menjelang	2
menokok	2
mentab	2
menung	2
menuntun	2
menuturkan	2
menyadari	2
menyala	2
menyampaikan	2
menyanjung sanjung	2
menyanyikan	2
menyeberangi	2
menyebut	2
menyediakan	2
menyegarkan	2
menyelami	2
menyempurnakan	2
menyerempakkan	2
menyerikati	2
menyesali	2
menyingsing	2
menyuarakan	2
menyuplai	2
menyusuri	2
merah jambu	2
merah muda	2
merakit	2
meramalkan	2
merasuk	2
merawikan	2
meremas remas	2
merencanakan	2
merentangkan	2
merenung	2
merespon	2
merger	2
meriah	2
merilis	2
meringankan	2
meriwayatkan	2
mesem	2
mewarisi	2
mewisuda	2
meyakinkan	2
mikat	2
mikir	2
mimpi	2
mimpian	2
minta	2
minta kpd tuhan	2
mitra	2
moblong	2
modal	2
modern	2
modifikasi	2
mohon	2
mohon diri	2
mojang	2
momentum	2
monggo	2
monopoli	2
montok	2
mood	2
moratorium	2
motivasi	2
mudah diakses	2
mufaham	2
mukhlis	2
mukibat	2
mukim	2
muktabar	2
mullah	2
mulu	2
mumpung	2
mungil	2
murah	2
murid	2
musara	2
musik	2
muslim	2
mustahil	2
mustaid	2
musyawarah	2
mutu	2
muwafakat	2
nabi	2
nada	2
nafkah	2
naik ke pelamin	2
naik ke pelaminan	2
nasi	2
natur	2
negosiasi	2
nekat	2
nemenin	2
ngaku	2
ngalah	2
ngasih	2
ngerjain	2
ngopi	2
ngurusin	2
nikah	2
nikmat	2
nikmati	2
nila	2
novel	2
nuftah	2
nugas	2
nuri	2
nyala	2
nyali besar	2
nyana	2
nyanyi	2
nyanyian	2
oke	2
openai	2
oportunitas	2
orak senyum	2
orang islam	2
orde	2
ordo	2
organisasi	2
orientasi	2
orisinal	2
otak	2
otak encer	2
otentik	2
otomatis	2
pacar	2
pacaran	2
pacarnya	2
page	2
pagon	2
pahala	2
pakai ai	2
pamit	2
pandai bicara	2
pandu	2
panglima	2
panitia	2
panjang	2
panjang tungkai	2
panorama	2
pantas mulut	2
pantat	2
pantau	2
panti	2
pantulan	2
paparan	2
para	2
para para	2
paradigma	2
parsel	2
partisipasi	2
pas	2
pasar uang	2
pasrah	2
pasti	2
pastikan	2
pasuk	2
pati	2
patroli	2
patut	2
payu	2
pegawai	2
pejatian	2
peka	2
pekerja	2
pekerjaan	2
pelajaran	2
pelancar	2
pelarasan	2
pelatih	2
pelayanan	2
peleburan	2
pelengkap	2
pelesapan	2
pelihara	2
pelipuran	2
pemair	2
pemandangan	2
pembeli	2
pemberian	2
pembiasaan	2
pembimbing	2
pemenang	2
pemilik	2
pemilikan	2
pemuaian	2
pemuda	2
pemudaan	2
pemuja	2
penabung	2
penahan	2
penali	2
penambahan	2
penandasan	2
penangguhan	2
penanggulangan	2
penanti	2
pencatat	2
pencatatan	2
pencedok	2
pencegah	2
pencitraan	2
pendaftaran	2
pendahuluan	2
pendapatan	2
pendekar	2
penderma	2
pendidik	2
penegasan	2
penentuan	2
penerangan	2
penerima	2
pengajar	2
pengakuan	2
pengalaman	2
pengalasan	2
pengaman	2
pengandaian	2
pengaruh	2
pengasuh	2
pengen	2
pengertian	2
penggabungan	2
pengganti	2
penggede	2
pengharmonisan	2
penghayatan	2
penghidupan	2
penghimpunan	2
penghuni	2
penginapan	2
penguasaan	2
pengukur	2
pengumpulan	2
pengurus	2
penjelasan	2
penongkat	2
penting	2
penumpil	2
penundukan	2
penunggu	2
penunggu dunia	2
penunjang	2
penyambut	2
penyatuan	2
penyelarasan	2
penyelesaian	2
penyempurnaan	2
penyerasian	2
penyerobotan	2
penyesuaian	2
penyimpan	2
penyokong	2
perai	2
peran serta	2
peranakan	2
perangsang	2
perata	2
perataan	2
perbincangan	2
percaya	2
pere	2
peresapan	2
perhimpunan	2
peri	2
peria	2
perian	2
perilaku	2
perincian	2
peristiwa	2
perjuangin	2
perkembangan	2
perkiraan	2
perkolasi	2
perkumpulan	2
perlu	2
perlup	2
permadani	2
permanen	2
permata	2
permenungan	2
permufakatan	2
permukiman	2
permulaan	2
pernik	2
perolehan	2
peronda	2
perpanjangan	2
perplexity 2	2
persamaan	2
persangkutan	2
persediaan	2
persen	2
persenan	2
perseptif	2
perserikatan	2
persiapan	2
pertemuan	2
pertiwi	2
pertumpahan	2
perusahaan	2
perut	2
pesan	2
pesanggrahan	2
pesat	2
pingin	2
pinisepuh	2
pinky	2
pionir	2
plagiarisme	2
plagiat	2
plong	2
plus	2
poin	2
pokok	2
pola	2
polemik	2
porsi	2
portofolio	2
pose	2
potensi	2
practice	2
prajurit	2
prakiraan	2
prasarana	2
prasetia	2
prayojana	2
prediksi	2
preferensi	2
prei	2
preinan	2
premium	2
presiden	2
prihatin	2
primitif	2
probabilitas	2
produk	2
produktif	2
programming	2
promo	2
promote	2
prompt	2
prosa	2
prospek	2
protektor	2
proyeksi	2
pseudonim	2
puas	2
publikasi	2
pudar	2
pukal	2
pukau	2
pulut	2
pundi	2
pundi pundi	2
purna	2
purnama	2
purusa	2
pusat	2
puspita	2
putus	2
putusan	2
qadim	2
queen	2
quran	2
radikalis	2
radu	2
rafi	2
rahasia	2
rahim	2
raih	2
raihan	2
rais	2
rakitan	2
rama	2
ramai	2
ramaikan	2
ramanda	2
rame	2
rampuh	2
rampung	2
rangkap	2
rapi	2
rasuk	2
ratna	2
ratu	2
rawat	2
reaksi	2
reaksioner	2
real	2
rebah	2
referensi	2
refleks	2
refleksi	2
refresh	2
regenerasi	2
rekaan	2
rekam	2
rekonsiliasi	2
reksa	2
relasi	2
relevansi	2
religiositas	2
rembuk	2
rembukan	2
rencana	2
renjana	2
renovasi	2
reparasi	2
reply	2
reputasi	2
resam	2
resap	2
resep	2
reseptor	2
resmi	2
resolusi	2
respon	2
respons	2
response	2
revisi pakai ai	2
revolusioner	2
rezeki	2
riah	2
riang	2
rias	2
riasan	2
ricuh	2
rida	2
rilis	2
rimba	2
rindu	2
ringan	2
ringan kepala	2
ringkas	2
rintis	2
rintisan	2
rohaniah	2
ronda	2
rumah	2
rumah tangga	2
rumput	2
runtut	2
rupa	2
rusak	2
rute	2
sadar	2
sadu	2
sahabat	2
sahaja	2
sains	2
sajak	2
saksama	2
saldo	2
salin	2
sama	2
samad	2
sambang	2
sambut	2
sambutan	2
sami	2
sampai	2
samseng	2
samun	2
sandaran	2
sanggup	2
sangka	2
sangkut	2
sangkut paut	2
sani	2
sanjung	2
santai	2
santiran	2
santunan	2
saran	2
sarap	2
sastra	2
satu	2
sauk	2
sawala	2
sayang	2
sayid	2
sebab	2
sebanding	2
sebandung	2
sebukan	2
secepatnya	2
sedeng	2
sederhana	2
sedia	2
seemak	2
segeh	2
segenap	2
segera	2
sehat	2
seia	2
seibu	2
seindah	2
sejadah	2
sejati	2
sekah	2
sekam	2
sekata	2
sekolah	2
selaras	2
selawat	2
selayaknya	2
selenggara	2
selera	2
selesa	2
selesai	2
selfie	2
selidik	2
seloroh	2
semak semak	2
semakin	2
semarak	2
semboyan	2
semerbak	2
semi	2
semu	2
sensibel	2
senyum	2
senyumin	2
senyumnya	2
sepada	2
sepantasnya	2
sepatu	2
sepatutnya	2
serah	2
serasi	2
serbasama	2
serbaserbi	2
seremeh	2
serempak	2
serentak	2
serep	2
sering	2
sero	2
serta	2
serta merta	2
seruh	2
serunda	2
serundai	2
servis	2
sesuai	2
setara	2
setimpal	2
sewajarnya	2
sharing	2
shiawase	2
show	2
signifikansi	2
sikap	2
silah	2
silahkan	2
silang pendapat	2
silir semilir	2
simak	2
simbok	2
simetris	2
simpanan	2
simpatik	2
simpatisan	2
simpel	2
simple	2
simpleks	2
simplistis	2
simpuh	2
simpul	2
singkap	2
single	2
singsing	2
sinkronisasi	2
sintal	2
sintetis	2
siph	2
sir	2
sir siran	2
siswa	2
siuman	2
sketsa	2
snapback	2
sokong	2
soleha	2
solo	2
solusi	2
solusinya	2
sosialistis	2
sparing	2
spesialisasi	2
spesifikasi	2
sponsor	2
spontan	2
sporadis	2
sportif	2
sreg	2
stabil	2
stabilitas	2
stamina	2
standardisasi	2
stop	2
study	2
suara	2
sublim	2
subur	2
sudah	2
sudi	2
sugesti	2
suguh	2
sukses	2
sumbu	2
sumpah	2
sungguh sungguh	2
suplai	2
suporter	2
surat takdir	2
surat tanah	2
suratan takdir	2
surau	2
susah hati	2
susuk	2
swagriya	2
sweet	2
syarikat	2
syg	2
syukuri	2
taat	2
tabe	2
tabung	2
tabung bambu	2
tabungan	2
tafsir	2
tajali	2
tajam mata	2
tak segan	2
takar	2
takrif	2
taksir	2
takyin	2
takzim	2
talen	2
tambah	2
tanda mata	2
tanding	2
tanganan	2
tanggap	2
tanggapan	2
tanggulang	2
tangkas	2
tangkisan	2
tangkul	2
tangsel	2
tanya	2
tanya ai	2
tanya jawab	2
tapa	2
tara	2
taraf	2
tarekat	2
tarik	2
tarik hati	2
taruh hati	2
taruhan	2
tata	2
tata tertib	2
taut	2
tawakal	2
tawarikh	2
tayang	2
tayib	2
tayibah	2
tebak	2
tedas	2
teduh	2
tegap	2
tegar	2
teguh batin	2
teguh hati	2
teguk	2
tegur	2
teguran	2
teks	2
tela	2
telaah	2
tembus	2
tempo tempo	2
tempoh	2
temu	2
tenaga	2
tenaga kerja	2
tengah	2
tengkuluk	2
tengkurap	2
tengok	2
tentangan	2
teoretis	2
tepercaya	2
terala	2
terang	2
terang akal	2
teranggar anggar	2
teratas	2
terbalik akal	2
terbangun	2
terbantu	2
terbaring	2
terbatas	2
terbayan	2
terbayang	2
terbayang bayang	2
terbelenggu	2
terbiasa	2
terbit selera	2
terbuka	2
terbukti	2
tercapai	2
tercermin	2
terencana	2
tergambar	2
tergantung	2
tergila gila	2
terhalang	2
terikat	2
terima	2
terjadi	2
terjadinya	2
terjaga	2
terjajah	2
terjemahan	2
terka	2
terkadang	2
terkadang kadang	2
terkapah kapah	2
terkilan	2
terkini	2
terkoneksi	2
terlibat	2
terluang	2
terlukis	2
termulia	2
terperinci	2
terpukau	2
tersadar	2
tersampai	2
terselenggaranya	2
tersengal sengal	2
tersuguh	2
tertarik	2
tertata	2
tertinggi	2
tertulang	2
tetap	2
tetap hati	2
thesis	2
tiang pancang	2
tiara	2
tidak segan	2
tidur	2
tikar	2
time	2
time management	2
time saving	2
timpal	2
tindakan	2
tinggi	2
tiris	2
tiruan	2
titi	2
titip api	2
tlg	2
tokok	2
tolong	2
topik	2
traktat	2
transaksi	2
transendental	2
transparan	2
transparansi	2
trendi	2
tresna	2
tuhan	2
tuju	2
tukar cincin	2
tukar pikir	2
tukar pikiran	2
tulang	2
tulen	2
tumpuan	2
tunai	2
tunang	2
tunas	2
tunggak	2
tunggu dunia	2
tunjang	2
tuntas	2
tuntun	2
tutuk	2
tutur	2
uang lelah	2
uang rokok	2
ugahari	2
ugal ugalan	2
ukur	2
ulama	2
ulasan	2
uluran	2
umat	2
unda	2
undang	2
unek unek	2
ungkap	2
untung	2
upa	2
uraian	2
urus	2
usai	2
user friendly	2
ustadz	2
ustazah	2
usul	2
utopia	2
vak	2
vakansi	2
varia	2
ventura	2
verifikasi informasi	2
versi	2
vila	2
visi	2
vista	2
vitalitas	2
voucher	2
wadak	2
waduh	2
wah	2
wajar	2
wantah	2
waras	2
waris	2
warisan	2
warok	2
waspada	2
watak	2
wawancara	2
wedel	2
wewenang	2
widyaiswara	2
wiladah	2
wisma	2
wkwkwk	2
work	2
writing	2
wujud	2
xai	2
yakin	2
yank	2
yasalamualaika	2
yes	2
zaim	2
zonauang	2
zuhud	2
baik	3
benak kepala	3
berbenak	3
budi pekerti yang baik	3
keseruan	3
kesukacitaan	3
klasik	3
konfirmasikan	3
menakjubkan	3
menaksir	3
mengasosiasikan	3
perbaikan	3
ramah pengguna	3
suka	3
suka suka	3
sukat	3
abadi	4
acuh tak acuh	4
ada	4
adaptation	4
adil	4
aduhai	4
aji	4
ajudan	4
akhlak	4
akil	4
aktual	4
alangkah	4
alat	4
alim arif	4
amal	4
amalan	4
aman	4
amat	4
andil	4
aneh	4
angan angan	4
angpau	4
animo	4
anjung	4
ansar	4
anteng	4
anyar	4
api	4
arif	4
asik	4
asisten belajar	4
asisten pintar	4
asri	4
atraktif	4
atur	4
awas	4
awet	4
ayo	4
azamat	4
bahaduri	4
bahan belajar	4
bajik	4
bakat	4
bakh	4
bakir	4
bakti	4
balanced	4
banget	4
banjir	4
bekas	4
belagu	4
belajar dari ai	4
benang raja	4
benci	4
bentuk	4
berada	4
berakal	4
berakidah	4
beralas	4
beraras	4
beraturan	4
berbahagia	4
berbakat	4
berbusana	4
bercahaya	4
bercermin	4
berdandan	4
berdarah	4
berdaya guna	4
berdendang	4
berderajat	4
berdiam	4
berdisiplin	4
berdoa	4
berduit	4
berfaedah	4
bergamat	4
bergantung	4
bergolongan	4
berharap	4
berharta	4
beribadat	4
berilmu	4
berirama	4
berjasa	4
berjaya	4
berjunjungan	4
berkaca	4
berkah	4
berkategori	4
berkawal	4
berkecukupan	4
berkedudukan	4
berkegiatan	4
berkembang	4
berkenaan	4
berkepercayaan	4
berkeras hati	4
berkhasiat	4
berkobar kobar	4
berkuasa	4
berlaba	4
berlagak	4
berlagu	4
berlanglang	4
berlatih	4
berlevel	4
bermakna	4
bermartabat	4
bernama	4
bernyali	4
berotak tajam	4
berpakaian	4
berpatokan	4
berpatroli	4
berpedoman	4
berpegang	4
berpelajaran	4
berpengalaman	4
berpengetahuan	4
berperingkat	4
berpola	4
bersagang	4
bersaji	4
bersambang	4
bersangga	4
bersauh	4
bersayap	4
bersemangat	4
bersemayam	4
bersenandung	4
bersendel	4
bersendeng	4
bersender	4
berseni	4
berseri	4
bersimpati	4
bersinar	4
bersitegang	4
berstatus	4
bersumber	4
bersungguh sungguh	4
bertahan	4
bertakwa	4
bertanya tanya	4
berteguh hati	4
bertekun	4
bertelinga merah	4
bertepat guna	4
bertumpuk	4
beruntung	4
berzikir	4
besar	4
besar akal	4
bestari	4
betapa	4
bianglala	4
bingkis	4
bingkisan	4
birthday	4
bisikan	4
bismillah	4
bolehan	4
bonus	4
brainstorm ide	4
brainstorming ai	4
bubuh	4
budak	4
budiman	4
bugar	4
bujang	4
bukan main	4
bungkusan	4
buyung	4
cantum	4
capai	4
capaian	4
capek	4
cari ilmu	4
catu	4
cegar	4
cekel	4
cemerlang	4
cendera	4
cendera mata	4
cepat respon	4
cepat tanggap	4
ceri	4
ceria	4
cindur mata	4
cintai	4
cintaku	4
cocok	4
coding	4
cokol	4
comel	4
complementary	4
complete	4
comprehensive	4
contoh kasus	4
cross check	4
cublik	4
cuma cuma	4
cumil	4
customizable	4
damar	4
dana	4
dandan	4
darah	4
daulat	4
daya cipta	4
daya gabung	4
daya guna	4
defensif	4
desakan	4
digdaya	4
dijelaskan	4
dingin	4
diskusi dengan ai	4
distingtif	4
doa	4
dok	4
drastis	4
duka	4
dukung	4
dukungan	4
duli	4
efisien	4
eksklusif	4
eksplorasi ide	4
elegan	4
emir	4
enabler	4
engaging	4
enteng	4
estetis	4
excited	4
exploratory learning	4
faal	4
faedah	4
favorite	4
fertil	4
fit	4
fleksibel	4
fleksibilitas tinggi	4
gajak	4
gali ilmu	4
game changer	4
gampang	4
gangsar	4
gani	4
ganjil	4
ganteng	4
gebyar	4
geger	4
gemas	4
gemirang	4
gempa	4
gempa bumi	4
gempar	4
gempita	4
genial	4
gerak gerik	4
gerak hati	4
gerakan	4
gokil	4
good job	4
gres	4
gudi	4
gunakan sewajarnya	4
gusti	4
gutuk	4
hadiah	4
hakimah	4
hangat	4
hayo	4
heban	4
helpful	4
hemat	4
heran	4
hibah	4
hilir	4
hiruk pikuk	4
ibadah	4
ibadat	4
ide	4
ide baru	4
idiosinkratis	4
ihsan	4
ikhlas	4
iktifak	4
ikutan	4
ilmu	4
imut imut	4
inayat	4
indah ambang	4
individual	4
infak	4
informatif	4
ingat ingat	4
insinye	4
interes	4
intrik	4
inventif	4
irama	4
islam	4
itifak	4
jago prompt	4
jasa	4
jaya	4
jelasin	4
jeli	4
jempol	4
jempolan	4
jenang	4
jernih	4
jibilah	4
joki	4
jujur	4
kaci	4
kaisar	4
kaji	4
kaki tangan	4
kalem	4
kalis	4
kandis	4
kanjang	4
karib	4
karimah	4
karunia	4
kasatmata	4
kasihan	4
keampuhan	4
kebahagiaan	4
kebaikan	4
kebajikan	4
keberuntungan	4
kebesaran	4
kebisaan	4
kebutuhan	4
kecepatan	4
kecerdikan	4
kedai susu	4
keenakan	4
kegagahan	4
kegembiraan	4
kegirangan keceriaan	4
kegunaan	4
kejayaan	4
kekeluargaan	4
kelajuan	4
kelezatan	4
kelih	4
kelimpahan	4
keluarga	4
kemahiran	4
kemampuan	4
kemantapan	4
kemaslahatan	4
kemasyhuran	4
kemegahan	4
kemurahan	4
kenduri	4
kenikmatan	4
kenyamanan	4
kepandaian	4
kepedulian	4
kepesatan	4
kepiawaian	4
kepintaran	4
keputusan	4
kereen	4
keriangan	4
kerja sama	4
kerja tim	4
kesal	4
kesebatan	4
keseimbangan	4
kesemarakan	4
kesima	4
kestabilan	4
kesufian	4
ketangkasan	4
ketawa	4
ketenteraman	4
keterikatan	4
ketertarikan	4
keuntungan	4
keurus	4
keurusan	4
keyakinan	4
khalis	4
khas	4
khasiat	4
khayalan	4
kias	4
kikir	4
kipu	4
kismat	4
klien	4
knowledge base	4
kodrat	4
komplot	4
konco	4
korek	4
kosen	4
kreatif	4
kroni	4
kuala	4
kualitas meningkat	4
kucur	4
kudus	4
kusuma	4
laba	4
labiovelar	4
lampu	4
lancar	4
langganan	4
langgeng	4
langkah	4
langkah baik	4
latih diri	4
learning resource	4
learning tool	4
lebai	4
lebih lebih	4
lebih cepat belajar	4
legawa	4
legit	4
lektur	4
lelah	4
lelap	4
lentera	4
lestari	4
letih	4
level up	4
licin	4
lila	4
lincah	4
lindu	4
lindung	4
lini	4
linu	4
literatur relevan	4
lovers	4
luck	4
lugas	4
lugu	4
lurus	4
mabrur	4
maha	4
mahabah	4
mahfum	4
mahir	4
maimun	4
makmur	4
makruf	4
mama	4
manajemen waktu baik	4
mandraguna	4
manjur	4
mantul	4
masyhur	4
mati	4
maut	4
medali	4
melampas	4
melanyak	4
melatih diri	4
melecehkan	4
meletakkan	4
melicinkan	4
melipur	4
memahirkan	4
memang	4
memanjatkan doa	4
mematuhi	4
membaca	4
membahagiakan	4
membalas	4
membantu	4
membenang	4
membingkis	4
membubuhkan	4
memegang kitab	4
memeluk	4
memendam	4
mementingkan	4
meminda	4
memolakan	4
mempercepat pemahaman	4
mempermudah belajar	4
mempertanyakan	4
memukau	4
memusingkan	4
menabung	4
menang	4
mencari ilmu	4
mencebikkan	4
mencemaskan	4
mencengangkan	4
mencintaimu	4
mencontoh	4
mencontohkan	4
mendaifkan	4
mendoa	4
mendusin	4
meneladan	4
menenangkan	4
mengabaikan	4
mengacau	4
mengagumkan	4
mengaji	4
mengakap	4
mengalem	4
mengalirkan darah	4
mengambil contoh	4
mengambil ibarat	4
mengangkat angkat	4
menganut	4
mengasihani	4
mengecat	4
mengecilkan	4
mengeluarkan darah	4
mengentengkan	4
mengerikan	4
mengesankan	4
menggali ilmu	4
mengganggu	4
menggegerkan	4
menggemparkan	4
menggerecoki	4
menggirangkan melegakan	4
menghadiahi	4
menghebohkan	4
menghinakan	4
menghirukkan	4
menghukum	4
mengibai	4
mengimbuhkan	4
menginginkan	4
mengoles	4
mengotot	4
menguntir	4
menguntungkan	4
mengusili	4
meni	4
menikah	4
menimba	4
menimba ilmu	4
meniru	4
menistakan	4
menjahili	4
menjelaskan	4
menolong	4
menongkat	4
mentor digital	4
menumbuk	4
menuntut ilmu	4
menurut	4
menyandar	4
menyanjung	4
menyanyi	4
menyapih	4
menyayang	4
menyayangi	4
menyenangkan	4
menyepelekan	4
menyerupai	4
menyukai	4
menyusahkan	4
meragam	4
merah	4
merahimi	4
meraun	4
merecoki	4
meremehkan	4
meributkan	4
meronda	4
meruncing	4
mesra	4
metah	4
mewarnai	4
minat	4
misbah	4
moral	4
muara	4
mudah	4
mudahkan belajar	4
mufakat	4
muhibah	4
mujarab	4
mujur	4
muktamar	4
mulus	4
mulut sungai	4
mustajab	4
mustakim	4
mutakhir	4
naik daun	4
naik pelamin	4
naik pelaminan	4
nasabah	4
neces	4
necis	4
networking	4
nian	4
nice	4
nirmala	4
nyali	4
nyaman	4
nyata	4
optimalisasi belajar	4
ovum	4
paduka	4
paham	4
paheman	4
pakat	4
paket	4
panas	4
panas kuku	4
pandai	4
panggul	4
panil	4
panjat doa	4
paramarta	4
pasang	4
pasang hidup	4
pasangan hidup	4
patuh	4
paya	4
peduli	4
peer interaction	4
peer learning	4
pelamin	4
pelaminan	4
pelanggan	4
pelangi	4
pelayan	4
pelit	4
pelita	4
pelupuk mata	4
pemajangan	4
pemantapan	4
pembaruan	4
pemenangnya	4
pemufakatan	4
penangkalan	4
penat	4
pencegahan	4
pendalaman	4
pendukung	4
penerang	4
pengapit	4
pengasih	4
pengetahuan	4
penggalian	4
penghargaan	4
peninggalan	4
penjelasan tambahan	4
penjenang	4
penolong	4
penyantun	4
perantaraan	4
percaya diri	4
percuma	4
perdeo	4
perduli	4
perembukan	4
perfek	4
perhatian	4
perkasa	4
perkomplotan	4
perpaduan	4
perplexity	4
persahabatan	4
persekongkolan	4
persembahan	4
perserupaan	4
persesuaian	4
perspektif baru	4
pertanda	4
pertolongan	4
perubahan	4
peruntungan	4
perwira	4
pesam	4
pesona	4
pesta	4
pestaka	4
petah lidah	4
pinggul	4
positif	4
prabu	4
praktis	4
praktis untuk belajar	4
prawira	4
preseden	4
preventif	4
prigel	4
prima	4
primbon	4
prodeo	4
profit	4
profitabel	4
progress	4
proporsional	4
puadai	4
puja	4
pukauan	4
pulas	4
punia	4
pusaka	4
puspa	4
pustaka	4
putus kata	4
questioning	4
rahayu	4
rajin	4
rana	4
rani	4
rawa	4
realistis	4
recok	4
recommended	4
referensi tambahan	4
rejeki	4
rekan	4
relevan	4
remeh	4
repository	4
revolutionary	4
ria	4
ribut	4
riil	4
ringan tangan	4
rizki	4
roh	4
romantis	4
rotan	4
saji	4
sakelek	4
salamat	4
salim	4
sambatan	4
sambung tangan	4
sambungan tangan	4
sangat	4
sangkil	4
santer	4
santun	4
sarana belajar	4
sarju	4
saruk	4
satria	4
scaffolding	4
sebagai alat bantu	4
sebagai tools	4
sebetulnya	4
segar	4
seimbang	4
sekali kali	4
selamatan	4
semangat	4
sembahyangan	4
sembir	4
sembuh	4
sempena hati	4
semringah	4
senyuman	4
sepakat	4
sepele	4
serapah	4
seraya	4
serbaguna	4
seringai	4
sesaji	4
sesungguhnya	4
setuju	4
setujuan	4
shalat	4
sibuk	4
sigap	4
silaturahim	4
simpat	4
sinuhun	4
skill bertambah	4
smart assistant	4
smooth	4
sohor	4
solah	4
sorongan	4
sosial	4
special	4
spesial	4
spesialis	4
sput	4
sregep	4
statis	4
studi	4
study partner	4
stupa	4
suam suam kuku	4
suapan	4
suara halus	4
suasana	4
suci	4
sudut pandang baru	4
suguhan	4
suka cita	4
sukar	4
sukarela	4
sumber belajar	4
sumringah	4
sunan	4
sungguh	4
super	4
superior	4
supplement	4
support	4
supportif	4
supporting tool	4
supportive	4
suvenir	4
tahan lasak	4
tahu	4
tahu aturan	4
tajam	4
tajam otak	4
tajam pikiran	4
takjub	4
talenta	4
tamat	4
tanda tanda	4
tanda jasa	4
taruh	4
teamwork	4
tegang	4
teja	4
tekad	4
tekanan jiwa	4
tekanan mental	4
tekun	4
teladan	4
telaten	4
teliti	4
teman belajar	4
tepat	4
tepat guna	4
terampil	4
teranyar	4
teraso	4
teratur	4
terbaru	4
terbuka mata	4
tercinta	4
terdahulu	4
tergelak	4
tergeleng geleng	4
terhindar plagiat	4
terkesima	4
terlindung	4
termasyhur	4
terpelajar	4
terpelihara	4
terpesona	4
tersaji	4
tersedia	4
tersendat	4
tersenyum	4
tertawa kecil	4
tertib	4
tertolong	4
terurus	4
terus menerus	4
terutama	4
timba ilmu	4
timbalan	4
tinggalan	4
tip	4
tips	4
tokcer	4
tolakan	4
transformatif	4
trauma	4
tuduhan plagiat	4
tulis	4
tulus	4
tulus hati	4
tungkak	4
tuntut ilmu	4
ulung	4
uluran tangan	4
umi	4
umur	4
unconventional	4
upa 	4
upgrade	4
ura ura	4
utas	4
verifikasi ai	4
versatile	4
wagu	4
wahyu	4
wangi	4
wasiat	4
wekel	4
welas	4
welcome	4
widita	4
wirid	4
wow	4
ya	4
yahud	4
yamtuan	4
yg dipertuan	4
zakelek	4
zakiah	4
zikir	4
active learning	5
adika	5
agam	5
akurasi tinggi	5
alat bantu belajar	5
alhamdulillah	5
allah	5
amanah	5
amazing	5
anakan	5
analytical	5
analytical skill meningkat	5
andal	5
anti plagiarisme	5
anti plagiat	5
apas	5
appropriate use	5
authentic	5
autodidak	5
awat	5
bagak	5
bagas	5
bagus	5
bahadur	5
bahagia	5
bantah bantah	5
bantu paham	5
bebas plagiarisme	5
bebas plagiat	5
belajar beneran	5
belajar efektif	5
belajar interaktif	5
belajar mandiri	5
belajar optimal	5
belajar rajin	5
belajar serius	5
belajar sungguh	5
belajar tekun	5
benar benar paham	5
beneran ngerti	5
beradaptasi	5
berahi	5
berani mencoba	5
berbagi ilmu	5
beretika	5
bergas	5
berguna	5
berintegritas	5
berkandung	5
berkekuatan	5
berkembang pesat	5
berkolaborasi	5
bermanfaat	5
berpikir kritis	5
berpikir kritis meningkat	5
berpikir logis	5
berpikir out of box	5
berpikir sendiri	5
bersahaja	5
bersanggama	5
bersembahyang	5
bersengat	5
bersyukur	5
bertanggung jawab	5
bertenaga	5
biduanda	5
bijak menggunakan	5
bonyok	5
boost skill	5
breakthrough	5
bumbu	5
cakep	5
campur	5
centil	5
cinta kasih	5
collaborative	5
collaborative learning	5
comprehensive output	5
confidence	5
cool	5
cooperative learning	5
creative solution	5
critical thinking	5
critical thinking meningkat	5
cute	5
dampak positif	5
daya tahan	5
dedicated	5
dedikasi tinggi	5
deep understanding	5
dekorasi	5
dendam berahi	5
derajat	5
determined	5
digital literacy	5
diskusi interaktif	5
diskusi produktif	5
driven	5
eco	5
educational tool	5
efektif	5
efektivitas meningkat	5
effort sendiri	5
efisiensi tinggi	5
elite	5
embel embel	5
embrace challenge	5
enak	5
eneng	5
energik	5
enthusiastic	5
ethical	5
ethical use	5
etika akademik	5
etis	5
evaluasi kritis	5
exceptional	5
fantastic	5
fasilitator belajar	5
fav	5
future ready	5
gagah	5
ganjar	5
ganjaran	5
gapah	5
garing	5
gemar	5
gembira	5
gembur	5
genit	5
getas	5
golongan atas	5
good	5
great	5
growth mindset	5
guided learning	5
gunakan bijak	5
hands on learning	5
happy	5
harkat	5
harum	5
high quality	5
hindari plagiat	5
ide segar	5
imaginatif	5
imajinasi tinggi	5
inisiatif sendiri	5
innovation ready	5
inovasi baru	5
inquiry based learning	5
inspiring	5
integritas	5
integritas akademik	5
integritas tinggi	5
interactive learning	5
interaksi positif	5
ipk meningkat	5
ipk naik	5
jantan	5
jiawang	5
juak juak	5
jujur akademik	5
kadar	5
karya berkualitas	5
karya original	5
karya sendiri	5
kasih sayang	5
kawakan	5
keaslian	5
kece	5
kehangatan	5
kehormatan	5
kejujuran	5
kekaguman	5
kemampuan bertambah	5
kemampuan meningkat	5
kemampuan naik	5
kemandirian	5
kemandirian belajar	5
kempuh	5
kenamaan	5
kepentingan	5
keperluan	5
keren	5
keren abis	5
kesabaran	5
kesohor	5
keterbukaan	5
keunggulan	5
kimah	5
kits	5
knowledge exchange	5
kolaborasi	5
kolaborasi efektif	5
komitmen tinggi	5
kompeten	5
kompetensi meningkat	5
kompetensi naik	5
kompetensi tinggi	5
komplemen	5
komprehensif	5
komunitas belajar	5
kondang	5
kreativitas meningkat	5
kreativitas tinggi	5
kritis	5
kualitas bagus	5
kualitas tinggi	5
kujarat	5
kundangan	5
learning assistant	5
learning by doing	5
learning community	5
lebih efektif	5
lebih inovatif	5
lebih memahami	5
lebih produktif	5
lemah	5
lemas	5
lembek	5
lembik	5
lezat	5
literasi digital	5
logis	5
luar biasa	5
luluh	5
lulus	5
lunak	5
makna	5
mandiri	5
manfaat	5
manfaat besar	5
manila	5
manis	5
manja	5
mantap	5
mantap jiwa	5
martabat	5
mau	5
melek teknologi	5
memanfaatkan dengan baik	5
memanfaatkan optimal	5
membantu belajar	5
membantu memahami	5
membantu mengerti	5
memesonakan	5
memuaskan	5
mencinta	5
mendalami	5
mengakar	5
mengawaki	5
mengganjar	5
menginspirasi	5
menguasai	5
mengubah cara belajar	5
meningkatkan kemampuan	5
menyeluruh	5
merdu	5
mindset positif	5
modernisasi	5
motivasi belajar	5
muas	5
mudah dipahami	5
neng	5
ngerti banget	5
nilai	5
nilai meningkat	5
nilai naik	5
no plagiat	5
nomine	5
nyamleng	5
olah pikir	5
optimal	5
optimis	5
optimistic	5
original	5
original thinking	5
originalitas	5
ornamen	5
output berkualitas	5
outstanding	5
paham banget	5
paham lebih baik	5
paham mendalam	5
paham sekali	5
pake otak sendiri	5
pangkat	5
pangus	5
pantang menyerah	5
partner belajar	5
passionate	5
passionate learning	5
pegah	5
pelengkap belajar	5
pemaafan	5
pemahaman	5
pemahaman komprehensif	5
pemahaman mendalam	5
pemahaman meningkat	5
pengenalan	5
penggunaan bertanggung jawab	5
penggunaan bijak	5
penggunaan etis	5
penggunaan tepat	5
penunjang belajar	5
perbentrokan	5
percederaan	5
perempuan cantik	5
pergeseran	5
perkembangan positif	5
persisten	5
persistent	5
pilihan	5
pintar	5
pinter	5
pokta	5
polished	5
pop	5
populer	5
positive mindset	5
prestasi bagus	5
prestasi cemerlang	5
prestasi meningkat	5
primadona	5
problem based learning	5
profesional	5
professional	5
proficient	5
progres positif	5
prominen	5
proud	5
ramah	5
rancak	5
ranum	5
rasional	5
referensi lengkap	5
refined	5
rekognisi	5
rela	5
resilient	5
resourceful	5
responsible use	5
ringan tulang	5
rupawan	5
sabar	5
salat	5
sangat bagus	5
sangat baik	5
sangat bermanfaat	5
sangat efektif	5
sangat efisien	5
sangat inovatif	5
sangat kreatif	5
sangat membantu	5
sangat memuaskan	5
sangat paham	5
sangat positif	5
sangat produktif	5
sangat relevan	5
sedap	5
sekar	5
selamat	5
self confidence	5
self learning	5
self taught	5
semangat belajar	5
sembahyang	5
sempurna	5
senang	5
sentosa	5
seru	5
sesambat	5
sharing knowledge	5
sholat	5
siap masa depan	5
sikap kritis	5
sing	5
skill berkembang	5
skill meningkat	5
skilled	5
solusi kreatif	5
sosialita	5
structured learning	5
sumber terpercaya	5
suntuk	5
suplemen	5
syukur	5
tabah	5
tabah hati	5
taksiran	5
tambahan	5
tangguh	5
tanggung jawab akademik	5
tanpa plagiat	5
tasamuh	5
tech savvy	5
tekad kuat	5
teknologi	5
tenang	5
tenggang rasa	5
tepa salira	5
terawat	5
terbaik	5
terbantu sekali	5
terima kasih	5
terindah	5
terjamin	5
terkemuka	5
terkenal	5
termotivasi	5
terobosan	5
terpegah	5
terpercaya	5
tersem bunyi	5
tersohor	5
tersungging	5
tertawa	5
think independently	5
think outside box	5
thorough	5
tidak mencontek	5
tidak menjiplak	5
tidak takut gagal	5
tongkeng	5
top	5
transformative	5
trengginas	5
tulisan bagus	5
tulus ikhlas	5
tutor virtual	5
unggulan	5
up to date	5
upgrade skill	5
usaha sendiri	5
validasi informasi	5
virtual tutor	5
visioner	5
well structured	5
well written	5
wonderful	5
